MSOA code,Total_Death
E02000001,11
E02000002,42
E02000003,25
E02000004,24
E02000005,22
E02000007,30
E02000008,36
E02000009,22
E02000010,22
E02000011,24
E02000012,34
E02000013,14
E02000014,27
E02000015,22
E02000016,5
E02000017,18
E02000018,25
E02000019,17
E02000020,27
E02000021,25
E02000022,9
E02000023,14
E02000024,30
E02000025,29
E02000026,15
E02000027,30
E02000028,18
E02000029,14
E02000030,21
E02000031,19
E02000032,20
E02000033,18
E02000034,28
E02000035,25
E02000036,26
E02000037,26
E02000038,56
E02000039,10
E02000040,18
E02000041,26
E02000042,40
E02000043,14
E02000044,17
E02000045,14
E02000046,10
E02000047,29
E02000048,17
E02000049,15
E02000050,17
E02000051,26
E02000052,14
E02000053,10
E02000054,15
E02000055,27
E02000056,25
E02000057,20
E02000058,17
E02000059,32
E02000060,21
E02000061,22
E02000062,17
E02000063,17
E02000064,2
E02000065,17
E02000066,22
E02000067,10
E02000068,11
E02000069,12
E02000070,12
E02000071,15
E02000072,14
E02000073,37
E02000074,34
E02000075,22
E02000077,17
E02000078,27
E02000079,44
E02000080,20
E02000081,28
E02000082,21
E02000083,20
E02000084,20
E02000085,8
E02000086,15
E02000087,16
E02000088,8
E02000089,21
E02000090,38
E02000091,40
E02000092,18
E02000093,36
E02000094,21
E02000095,24
E02000096,21
E02000097,22
E02000098,28
E02000099,10
E02000100,19
E02000101,40
E02000102,17
E02000103,20
E02000104,32
E02000105,20
E02000106,28
E02000107,13
E02000108,14
E02000109,32
E02000110,12
E02000111,25
E02000112,28
E02000113,27
E02000114,12
E02000115,17
E02000116,24
E02000117,52
E02000118,29
E02000119,36
E02000120,13
E02000121,34
E02000122,18
E02000123,26
E02000124,11
E02000125,16
E02000126,15
E02000127,20
E02000128,21
E02000130,8
E02000131,15
E02000132,18
E02000133,24
E02000134,25
E02000135,32
E02000136,24
E02000137,19
E02000138,18
E02000139,12
E02000140,17
E02000141,12
E02000142,22
E02000144,11
E02000145,8
E02000146,38
E02000147,12
E02000148,15
E02000149,18
E02000150,9
E02000151,8
E02000152,11
E02000153,7
E02000154,11
E02000155,14
E02000156,35
E02000157,16
E02000158,13
E02000159,15
E02000160,20
E02000161,14
E02000162,26
E02000163,20
E02000165,8
E02000166,13
E02000167,5
E02000168,18
E02000169,12
E02000170,7
E02000171,7
E02000172,24
E02000173,1
E02000174,12
E02000175,9
E02000176,7
E02000177,23
E02000178,17
E02000179,13
E02000180,10
E02000181,2
E02000182,14
E02000183,9
E02000184,16
E02000185,23
E02000186,8
E02000187,16
E02000188,9
E02000189,4
E02000190,7
E02000191,5
E02000192,12
E02000193,5
E02000194,27
E02000195,34
E02000196,27
E02000197,24
E02000198,25
E02000199,24
E02000200,15
E02000201,12
E02000202,32
E02000203,29
E02000204,36
E02000206,18
E02000207,19
E02000208,14
E02000209,19
E02000210,14
E02000211,17
E02000212,12
E02000213,32
E02000214,19
E02000215,21
E02000216,18
E02000217,17
E02000218,8
E02000219,25
E02000220,30
E02000221,36
E02000222,16
E02000223,14
E02000224,13
E02000225,21
E02000226,22
E02000227,22
E02000228,29
E02000229,25
E02000230,29
E02000231,23
E02000232,7
E02000233,10
E02000234,18
E02000235,9
E02000236,15
E02000237,24
E02000238,16
E02000239,13
E02000240,17
E02000241,14
E02000242,16
E02000243,23
E02000244,8
E02000245,21
E02000246,12
E02000247,44
E02000248,8
E02000249,26
E02000250,21
E02000251,13
E02000252,6
E02000253,24
E02000254,35
E02000255,18
E02000256,8
E02000257,18
E02000258,9
E02000259,13
E02000260,30
E02000261,15
E02000262,32
E02000263,40
E02000264,16
E02000265,20
E02000266,35
E02000267,13
E02000268,21
E02000269,6
E02000270,15
E02000271,8
E02000272,11
E02000274,37
E02000275,39
E02000276,9
E02000277,20
E02000278,28
E02000279,18
E02000280,34
E02000281,12
E02000282,28
E02000283,11
E02000284,13
E02000285,13
E02000286,26
E02000287,24
E02000288,21
E02000289,8
E02000290,17
E02000291,28
E02000292,15
E02000293,14
E02000294,19
E02000295,16
E02000296,35
E02000297,22
E02000298,16
E02000299,16
E02000300,24
E02000301,21
E02000302,15
E02000303,19
E02000304,26
E02000305,22
E02000306,24
E02000307,26
E02000308,18
E02000309,26
E02000311,29
E02000312,17
E02000313,9
E02000314,18
E02000315,15
E02000316,12
E02000317,12
E02000318,24
E02000319,16
E02000320,15
E02000321,10
E02000323,19
E02000324,19
E02000326,10
E02000327,16
E02000328,17
E02000329,18
E02000331,15
E02000332,7
E02000333,9
E02000334,18
E02000335,11
E02000337,17
E02000339,14
E02000340,9
E02000341,18
E02000342,8
E02000343,17
E02000344,24
E02000345,16
E02000346,20
E02000347,10
E02000348,28
E02000350,14
E02000351,14
E02000352,24
E02000353,15
E02000354,24
E02000355,27
E02000356,8
E02000357,17
E02000358,27
E02000359,14
E02000360,15
E02000361,9
E02000362,3
E02000363,19
E02000364,19
E02000365,23
E02000366,19
E02000367,12
E02000368,19
E02000369,27
E02000370,16
E02000371,11
E02000372,20
E02000373,4
E02000374,15
E02000375,3
E02000376,7
E02000377,10
E02000378,8
E02000379,30
E02000380,6
E02000381,7
E02000382,6
E02000383,18
E02000384,28
E02000385,4
E02000386,14
E02000387,11
E02000388,22
E02000389,11
E02000390,7
E02000391,13
E02000392,9
E02000393,6
E02000394,10
E02000395,4
E02000396,8
E02000397,14
E02000398,20
E02000400,11
E02000401,16
E02000402,10
E02000403,14
E02000404,12
E02000405,11
E02000406,10
E02000407,16
E02000408,18
E02000409,12
E02000410,2
E02000411,14
E02000412,15
E02000413,10
E02000414,21
E02000415,12
E02000416,8
E02000417,13
E02000418,9
E02000419,17
E02000420,19
E02000421,37
E02000422,16
E02000423,13
E02000424,4
E02000425,15
E02000426,14
E02000427,11
E02000428,19
E02000429,6
E02000430,6
E02000431,2
E02000432,8
E02000433,44
E02000434,31
E02000435,22
E02000436,16
E02000437,32
E02000438,28
E02000439,19
E02000440,23
E02000441,24
E02000442,22
E02000443,25
E02000444,16
E02000445,36
E02000447,21
E02000448,13
E02000449,18
E02000451,11
E02000452,20
E02000453,12
E02000454,11
E02000455,24
E02000456,17
E02000457,18
E02000459,17
E02000460,14
E02000461,18
E02000462,18
E02000463,18
E02000464,21
E02000465,25
E02000466,37
E02000467,29
E02000468,38
E02000469,14
E02000470,26
E02000471,24
E02000472,23
E02000473,33
E02000474,27
E02000475,47
E02000476,25
E02000477,31
E02000478,23
E02000479,27
E02000480,42
E02000481,41
E02000482,20
E02000483,37
E02000484,22
E02000485,23
E02000486,31
E02000487,33
E02000488,33
E02000489,23
E02000490,23
E02000491,29
E02000492,24
E02000493,13
E02000494,14
E02000495,49
E02000496,35
E02000497,42
E02000498,15
E02000499,14
E02000500,13
E02000501,27
E02000502,22
E02000503,12
E02000504,16
E02000506,34
E02000507,18
E02000508,15
E02000509,11
E02000510,13
E02000511,25
E02000512,14
E02000513,18
E02000514,24
E02000515,14
E02000516,21
E02000517,22
E02000518,22
E02000519,22
E02000520,44
E02000521,25
E02000522,30
E02000523,21
E02000524,16
E02000525,19
E02000526,14
E02000528,28
E02000529,19
E02000530,25
E02000531,14
E02000532,10
E02000533,5
E02000534,11
E02000535,29
E02000536,24
E02000537,20
E02000538,24
E02000539,21
E02000540,26
E02000541,43
E02000542,28
E02000543,15
E02000544,17
E02000545,11
E02000546,20
E02000547,42
E02000548,20
E02000549,37
E02000550,11
E02000551,13
E02000552,11
E02000553,14
E02000554,12
E02000555,21
E02000556,16
E02000557,10
E02000558,19
E02000559,8
E02000560,11
E02000561,11
E02000562,15
E02000563,16
E02000564,17
E02000565,14
E02000566,9
E02000567,13
E02000568,19
E02000569,19
E02000570,7
E02000571,9
E02000572,14
E02000573,26
E02000574,17
E02000575,12
E02000576,10
E02000577,13
E02000578,30
E02000579,13
E02000580,16
E02000581,15
E02000582,12
E02000583,6
E02000584,7
E02000585,10
E02000586,5
E02000587,8
E02000588,6
E02000589,9
E02000590,13
E02000591,12
E02000592,6
E02000593,8
E02000594,24
E02000595,10
E02000596,17
E02000597,11
E02000598,10
E02000599,30
E02000600,18
E02000601,8
E02000602,19
E02000603,17
E02000604,15
E02000605,21
E02000606,10
E02000607,5
E02000608,7
E02000609,17
E02000610,21
E02000611,9
E02000612,26
E02000613,24
E02000614,15
E02000615,14
E02000616,7
E02000617,12
E02000619,20
E02000620,14
E02000621,14
E02000622,12
E02000623,11
E02000624,18
E02000625,14
E02000626,21
E02000627,13
E02000628,29
E02000629,6
E02000630,12
E02000631,6
E02000632,8
E02000633,16
E02000634,25
E02000635,16
E02000636,13
E02000637,8
E02000638,27
E02000639,10
E02000640,14
E02000641,21
E02000642,13
E02000643,18
E02000644,8
E02000645,9
E02000646,13
E02000647,23
E02000648,25
E02000649,16
E02000650,11
E02000651,19
E02000652,9
E02000653,18
E02000654,18
E02000655,23
E02000657,13
E02000658,12
E02000659,6
E02000660,10
E02000661,9
E02000662,9
E02000663,11
E02000664,27
E02000665,12
E02000666,19
E02000667,12
E02000668,19
E02000669,17
E02000670,21
E02000671,9
E02000672,17
E02000673,3
E02000674,20
E02000675,18
E02000676,13
E02000677,17
E02000678,9
E02000679,19
E02000680,11
E02000681,16
E02000682,11
E02000683,20
E02000685,18
E02000686,14
E02000687,21
E02000689,3
E02000690,14
E02000691,9
E02000692,32
E02000693,19
E02000694,9
E02000695,20
E02000696,15
E02000697,5
E02000698,8
E02000699,7
E02000700,15
E02000701,23
E02000702,18
E02000703,17
E02000704,27
E02000705,31
E02000706,20
E02000707,13
E02000708,11
E02000709,14
E02000710,33
E02000711,18
E02000712,32
E02000713,17
E02000714,17
E02000715,42
E02000716,29
E02000717,18
E02000718,11
E02000719,18
E02000720,25
E02000721,30
E02000722,18
E02000723,34
E02000724,31
E02000725,14
E02000726,13
E02000727,26
E02000728,18
E02000729,22
E02000730,25
E02000731,17
E02000732,18
E02000733,14
E02000734,20
E02000735,29
E02000736,19
E02000737,20
E02000738,15
E02000739,12
E02000740,13
E02000741,19
E02000742,20
E02000743,27
E02000744,15
E02000745,13
E02000746,19
E02000747,21
E02000748,11
E02000749,24
E02000750,8
E02000751,40
E02000752,26
E02000753,9
E02000754,16
E02000755,11
E02000756,29
E02000757,25
E02000758,26
E02000759,27
E02000760,23
E02000762,22
E02000763,14
E02000764,31
E02000765,20
E02000767,36
E02000768,7
E02000769,51
E02000770,23
E02000772,20
E02000773,20
E02000774,18
E02000776,15
E02000777,13
E02000779,26
E02000780,41
E02000781,50
E02000782,38
E02000783,9
E02000784,10
E02000785,9
E02000786,14
E02000787,5
E02000788,14
E02000789,6
E02000790,5
E02000791,6
E02000792,22
E02000793,19
E02000794,9
E02000795,6
E02000796,32
E02000797,6
E02000798,14
E02000799,11
E02000800,7
E02000801,11
E02000802,27
E02000803,19
E02000804,13
E02000805,10
E02000806,20
E02000807,8
E02000808,5
E02000809,3
E02000810,5
E02000812,30
E02000813,8
E02000814,25
E02000815,5
E02000816,15
E02000817,15
E02000818,16
E02000819,16
E02000820,6
E02000821,10
E02000822,12
E02000823,7
E02000824,13
E02000825,29
E02000826,17
E02000827,13
E02000828,12
E02000829,35
E02000830,9
E02000831,11
E02000832,15
E02000833,7
E02000834,13
E02000835,9
E02000836,8
E02000837,13
E02000838,9
E02000839,8
E02000840,7
E02000841,19
E02000842,23
E02000843,12
E02000844,14
E02000845,12
E02000846,18
E02000847,29
E02000848,16
E02000849,13
E02000850,30
E02000851,36
E02000852,13
E02000853,14
E02000854,9
E02000855,20
E02000856,15
E02000857,36
E02000858,14
E02000859,30
E02000860,16
E02000861,15
E02000863,10
E02000864,25
E02000865,10
E02000866,16
E02000867,11
E02000868,18
E02000869,15
E02000870,15
E02000871,25
E02000872,20
E02000873,14
E02000874,8
E02000875,22
E02000876,9
E02000877,24
E02000878,17
E02000879,25
E02000880,12
E02000881,18
E02000882,28
E02000883,20
E02000884,10
E02000885,25
E02000886,10
E02000887,34
E02000888,8
E02000889,14
E02000890,3
E02000891,4
E02000893,13
E02000894,15
E02000895,34
E02000896,38
E02000897,24
E02000898,31
E02000899,20
E02000900,21
E02000901,17
E02000902,15
E02000903,10
E02000904,11
E02000905,20
E02000906,17
E02000907,15
E02000908,17
E02000909,11
E02000910,15
E02000911,18
E02000912,22
E02000913,20
E02000914,36
E02000915,21
E02000916,13
E02000917,18
E02000918,14
E02000919,15
E02000920,16
E02000921,12
E02000922,22
E02000923,18
E02000924,16
E02000925,13
E02000926,19
E02000927,12
E02000928,4
E02000929,16
E02000930,8
E02000931,6
E02000932,7
E02000933,5
E02000934,4
E02000935,13
E02000936,13
E02000937,6
E02000938,29
E02000939,23
E02000940,4
E02000941,13
E02000942,9
E02000943,8
E02000944,21
E02000945,18
E02000946,9
E02000947,7
E02000948,18
E02000949,16
E02000950,8
E02000951,7
E02000952,10
E02000953,2
E02000954,14
E02000955,11
E02000956,12
E02000957,13
E02000958,16
E02000959,19
E02000960,13
E02000961,13
E02000962,23
E02000963,32
E02000964,23
E02000965,13
E02000966,6
E02000967,10
E02000968,43
E02000969,24
E02000970,8
E02000971,7
E02000972,12
E02000973,10
E02000974,11
E02000975,8
E02000976,12
E02000977,8
E02000978,12
E02000979,18
E02000980,15
E02000981,5
E02000982,21
E02000983,11
E02000984,10
E02000985,9
E02000986,19
E02000987,19
E02000988,30
E02000989,15
E02000990,11
E02000991,17
E02000992,18
E02000993,15
E02000994,16
E02000995,18
E02000996,27
E02000997,21
E02000998,17
E02000999,19
E02001000,30
E02001001,19
E02001002,15
E02001003,21
E02001004,28
E02001005,24
E02001006,30
E02001007,26
E02001008,29
E02001009,15
E02001010,35
E02001011,14
E02001012,13
E02001013,13
E02001014,22
E02001015,20
E02001016,12
E02001017,22
E02001018,11
E02001019,21
E02001020,12
E02001021,13
E02001022,36
E02001023,17
E02001024,23
E02001025,26
E02001026,23
E02001027,37
E02001028,28
E02001029,25
E02001030,8
E02001031,12
E02001032,14
E02001033,10
E02001034,34
E02001035,23
E02001036,11
E02001037,33
E02001038,14
E02001039,16
E02001040,6
E02001041,16
E02001042,12
E02001043,28
E02001044,21
E02001045,18
E02001046,14
E02001047,29
E02001048,20
E02001049,31
E02001050,13
E02001051,22
E02001052,45
E02001053,18
E02001055,36
E02001056,14
E02001057,17
E02001059,21
E02001061,17
E02001062,16
E02001063,11
E02001064,24
E02001065,14
E02001066,16
E02001067,14
E02001068,31
E02001069,14
E02001070,16
E02001071,15
E02001072,13
E02001073,16
E02001074,36
E02001075,9
E02001076,8
E02001077,10
E02001078,17
E02001079,13
E02001080,11
E02001081,9
E02001082,13
E02001083,15
E02001084,13
E02001085,12
E02001086,21
E02001087,4
E02001088,14
E02001089,12
E02001090,15
E02001091,16
E02001092,18
E02001093,37
E02001094,15
E02001095,15
E02001096,16
E02001097,19
E02001098,22
E02001099,8
E02001100,30
E02001101,13
E02001102,13
E02001103,8
E02001104,13
E02001105,21
E02001106,25
E02001107,14
E02001108,17
E02001109,23
E02001110,27
E02001111,18
E02001112,10
E02001113,18
E02001114,50
E02001115,15
E02001116,22
E02001117,14
E02001118,23
E02001119,39
E02001121,17
E02001123,7
E02001124,11
E02001125,20
E02001126,21
E02001127,7
E02001128,16
E02001129,20
E02001130,16
E02001131,14
E02001132,23
E02001133,8
E02001134,12
E02001135,15
E02001136,20
E02001137,7
E02001138,30
E02001139,20
E02001140,38
E02001141,28
E02001142,23
E02001143,32
E02001144,20
E02001145,11
E02001146,36
E02001147,23
E02001148,50
E02001149,27
E02001150,23
E02001151,32
E02001152,15
E02001153,36
E02001154,17
E02001155,20
E02001156,34
E02001157,33
E02001158,36
E02001159,10
E02001160,18
E02001161,12
E02001162,18
E02001163,19
E02001164,12
E02001165,12
E02001166,43
E02001167,15
E02001168,27
E02001169,16
E02001170,27
E02001171,3
E02001172,49
E02001173,9
E02001174,17
E02001175,8
E02001176,49
E02001177,33
E02001178,15
E02001179,21
E02001180,13
E02001181,15
E02001182,16
E02001183,8
E02001184,9
E02001185,27
E02001186,29
E02001187,21
E02001188,12
E02001189,14
E02001190,27
E02001191,12
E02001192,17
E02001193,15
E02001194,12
E02001195,21
E02001196,16
E02001197,6
E02001198,33
E02001199,13
E02001200,13
E02001201,13
E02001202,7
E02001203,6
E02001204,17
E02001205,16
E02001206,23
E02001207,12
E02001208,12
E02001209,18
E02001210,20
E02001211,14
E02001212,24
E02001213,24
E02001214,16
E02001215,22
E02001216,12
E02001217,19
E02001218,10
E02001219,9
E02001220,9
E02001221,10
E02001222,12
E02001223,15
E02001224,18
E02001225,22
E02001226,12
E02001227,10
E02001228,20
E02001229,25
E02001230,26
E02001231,13
E02001232,22
E02001233,34
E02001234,30
E02001235,14
E02001236,17
E02001237,17
E02001238,23
E02001239,25
E02001240,16
E02001241,32
E02001242,23
E02001243,14
E02001244,12
E02001245,21
E02001246,19
E02001247,25
E02001248,21
E02001249,10
E02001250,17
E02001251,20
E02001252,28
E02001253,14
E02001254,19
E02001255,9
E02001256,46
E02001257,36
E02001258,13
E02001259,19
E02001260,10
E02001261,12
E02001262,16
E02001263,16
E02001264,12
E02001265,28
E02001266,13
E02001267,30
E02001268,14
E02001269,17
E02001270,20
E02001271,9
E02001272,10
E02001273,18
E02001274,22
E02001275,24
E02001276,27
E02001277,10
E02001278,24
E02001279,13
E02001280,13
E02001281,16
E02001282,13
E02001283,18
E02001284,10
E02001285,21
E02001286,16
E02001287,16
E02001288,24
E02001289,23
E02001290,19
E02001291,15
E02001292,22
E02001293,27
E02001294,24
E02001295,22
E02001296,20
E02001297,24
E02001298,25
E02001299,42
E02001300,38
E02001301,32
E02001302,30
E02001303,19
E02001304,24
E02001305,23
E02001306,16
E02001307,24
E02001308,18
E02001309,17
E02001310,18
E02001311,19
E02001312,17
E02001313,27
E02001314,8
E02001315,13
E02001316,10
E02001317,46
E02001318,32
E02001319,25
E02001320,24
E02001321,25
E02001322,23
E02001323,20
E02001324,15
E02001325,17
E02001326,24
E02001327,28
E02001328,25
E02001329,29
E02001330,19
E02001331,28
E02001332,21
E02001333,24
E02001334,18
E02001335,16
E02001336,24
E02001337,16
E02001338,17
E02001339,9
E02001340,13
E02001341,18
E02001342,28
E02001343,6
E02001344,19
E02001345,14
E02001346,23
E02001347,19
E02001348,20
E02001349,17
E02001350,39
E02001351,29
E02001352,15
E02001353,11
E02001354,16
E02001355,22
E02001356,18
E02001357,26
E02001358,19
E02001359,10
E02001360,23
E02001361,22
E02001362,30
E02001363,21
E02001364,27
E02001365,21
E02001366,32
E02001367,26
E02001368,30
E02001369,13
E02001370,20
E02001371,37
E02001372,35
E02001373,18
E02001374,16
E02001375,25
E02001376,15
E02001377,20
E02001378,25
E02001380,31
E02001381,17
E02001382,13
E02001383,14
E02001384,12
E02001385,18
E02001386,25
E02001387,21
E02001388,21
E02001389,12
E02001390,26
E02001391,18
E02001392,24
E02001393,14
E02001394,34
E02001395,9
E02001396,21
E02001397,29
E02001398,17
E02001399,13
E02001400,36
E02001401,35
E02001402,40
E02001403,9
E02001404,14
E02001405,24
E02001406,23
E02001407,17
E02001408,10
E02001409,28
E02001410,18
E02001411,26
E02001412,16
E02001413,27
E02001414,13
E02001415,12
E02001416,11
E02001417,22
E02001418,18
E02001419,30
E02001420,28
E02001421,26
E02001422,18
E02001423,20
E02001424,42
E02001425,38
E02001426,21
E02001427,18
E02001428,21
E02001429,19
E02001430,13
E02001431,57
E02001432,40
E02001433,12
E02001434,17
E02001435,20
E02001436,14
E02001437,36
E02001438,11
E02001439,12
E02001440,19
E02001441,16
E02001442,24
E02001443,9
E02001444,8
E02001445,17
E02001446,20
E02001447,16
E02001448,23
E02001449,22
E02001450,16
E02001451,29
E02001452,21
E02001453,29
E02001454,19
E02001455,16
E02001456,15
E02001457,21
E02001458,16
E02001459,8
E02001460,30
E02001461,15
E02001462,18
E02001463,16
E02001464,29
E02001465,38
E02001466,20
E02001467,21
E02001468,24
E02001469,18
E02001470,16
E02001471,19
E02001472,9
E02001473,24
E02001474,12
E02001475,24
E02001476,24
E02001477,22
E02001478,22
E02001479,10
E02001480,50
E02001481,13
E02001482,21
E02001483,13
E02001484,35
E02001485,12
E02001486,49
E02001487,18
E02001488,10
E02001489,12
E02001490,19
E02001491,29
E02001492,21
E02001493,24
E02001494,16
E02001495,21
E02001496,9
E02001497,19
E02001498,12
E02001499,33
E02001500,16
E02001501,19
E02001502,45
E02001503,26
E02001504,39
E02001505,15
E02001506,20
E02001507,16
E02001508,19
E02001509,24
E02001510,20
E02001511,28
E02001512,43
E02001513,21
E02001514,27
E02001515,17
E02001516,22
E02001517,8
E02001518,19
E02001519,19
E02001520,37
E02001521,14
E02001522,27
E02001523,33
E02001524,16
E02001525,28
E02001526,21
E02001527,21
E02001528,24
E02001529,31
E02001530,12
E02001531,21
E02001532,29
E02001533,35
E02001534,43
E02001535,13
E02001536,22
E02001537,24
E02001538,18
E02001539,9
E02001540,43
E02001541,41
E02001542,23
E02001543,24
E02001544,34
E02001545,21
E02001546,24
E02001547,37
E02001548,31
E02001549,12
E02001550,18
E02001551,15
E02001552,15
E02001553,17
E02001554,11
E02001555,15
E02001556,16
E02001557,24
E02001558,15
E02001559,30
E02001560,14
E02001561,21
E02001562,15
E02001563,27
E02001564,14
E02001565,14
E02001566,13
E02001567,40
E02001568,11
E02001569,19
E02001570,31
E02001571,12
E02001572,18
E02001573,21
E02001574,7
E02001575,23
E02001576,4
E02001577,20
E02001578,26
E02001579,38
E02001580,24
E02001581,18
E02001582,23
E02001583,6
E02001584,13
E02001585,29
E02001586,26
E02001587,15
E02001588,31
E02001589,15
E02001590,22
E02001591,14
E02001592,15
E02001593,20
E02001594,28
E02001595,18
E02001596,37
E02001597,30
E02001598,30
E02001599,17
E02001600,25
E02001601,25
E02001602,19
E02001603,11
E02001604,32
E02001605,27
E02001606,30
E02001607,17
E02001608,18
E02001609,24
E02001610,22
E02001611,30
E02001612,4
E02001613,20
E02001614,38
E02001615,18
E02001616,18
E02001617,11
E02001618,17
E02001619,18
E02001620,5
E02001621,21
E02001622,15
E02001623,29
E02001624,19
E02001625,28
E02001626,11
E02001627,5
E02001628,14
E02001629,31
E02001630,78
E02001631,19
E02001632,28
E02001633,18
E02001634,12
E02001635,9
E02001636,9
E02001637,9
E02001638,1
E02001639,13
E02001640,15
E02001642,29
E02001643,10
E02001646,6
E02001647,15
E02001648,8
E02001649,14
E02001650,11
E02001651,13
E02001652,8
E02001653,12
E02001654,32
E02001655,18
E02001656,6
E02001657,1
E02001658,12
E02001659,17
E02001660,19
E02001661,25
E02001662,32
E02001663,24
E02001664,15
E02001665,13
E02001666,11
E02001669,10
E02001670,19
E02001671,12
E02001672,16
E02001673,12
E02001674,36
E02001675,25
E02001676,14
E02001678,23
E02001679,12
E02001680,21
E02001681,16
E02001682,13
E02001683,39
E02001684,14
E02001685,13
E02001686,14
E02001688,28
E02001689,32
E02001690,7
E02001691,13
E02001692,6
E02001693,12
E02001694,6
E02001695,9
E02001696,18
E02001697,25
E02001698,10
E02001699,9
E02001700,17
E02001701,21
E02001702,15
E02001703,10
E02001704,8
E02001705,19
E02001706,13
E02001707,30
E02001708,18
E02001709,11
E02001710,26
E02001711,27
E02001712,14
E02001713,12
E02001714,13
E02001715,34
E02001718,15
E02001719,15
E02001720,7
E02001721,23
E02001722,12
E02001723,8
E02001724,21
E02001725,18
E02001726,15
E02001727,13
E02001728,20
E02001729,17
E02001730,4
E02001731,8
E02001732,3
E02001733,37
E02001734,22
E02001735,29
E02001736,17
E02001737,14
E02001738,9
E02001739,16
E02001740,8
E02001741,15
E02001742,4
E02001743,18
E02001744,25
E02001745,10
E02001746,17
E02001747,9
E02001748,13
E02001749,20
E02001750,19
E02001751,12
E02001752,19
E02001753,5
E02001754,16
E02001755,15
E02001756,17
E02001757,9
E02001758,8
E02001759,15
E02001760,8
E02001761,15
E02001762,8
E02001763,13
E02001764,24
E02001765,28
E02001766,6
E02001767,30
E02001768,23
E02001769,31
E02001770,20
E02001771,21
E02001772,13
E02001773,13
E02001774,22
E02001775,37
E02001776,37
E02001777,36
E02001778,15
E02001779,22
E02001780,15
E02001781,12
E02001782,29
E02001783,13
E02001784,9
E02001785,19
E02001786,17
E02001787,9
E02001788,16
E02001789,8
E02001790,11
E02001791,9
E02001792,29
E02001793,19
E02001794,37
E02001795,40
E02001796,19
E02001797,16
E02001798,19
E02001799,30
E02001800,6
E02001801,10
E02001802,17
E02001803,16
E02001804,36
E02001805,30
E02001806,18
E02001807,19
E02001808,7
E02001809,10
E02001810,9
E02001811,11
E02001812,34
E02001813,20
E02001814,10
E02001815,26
E02001816,30
E02001817,17
E02001818,18
E02001819,13
E02001820,16
E02001821,16
E02001822,35
E02001823,39
E02001824,25
E02001825,53
E02001826,16
E02001827,17
E02001828,14
E02001829,15
E02001830,22
E02001831,14
E02001832,12
E02001833,14
E02001834,16
E02001835,26
E02001836,22
E02001837,23
E02001838,30
E02001839,15
E02001840,28
E02001841,18
E02001842,22
E02001843,26
E02001844,55
E02001845,8
E02001846,17
E02001847,9
E02001848,25
E02001849,11
E02001850,23
E02001851,26
E02001852,22
E02001854,25
E02001855,42
E02001856,11
E02001857,28
E02001858,16
E02001859,24
E02001860,21
E02001861,39
E02001862,31
E02001863,21
E02001864,10
E02001865,37
E02001866,34
E02001867,34
E02001868,28
E02001869,21
E02001870,42
E02001871,22
E02001872,25
E02001873,20
E02001874,23
E02001875,18
E02001876,15
E02001877,34
E02001878,21
E02001879,47
E02001880,27
E02001881,22
E02001882,24
E02001883,17
E02001884,15
E02001886,24
E02001888,14
E02001889,27
E02001890,21
E02001892,22
E02001893,23
E02001895,45
E02001896,26
E02001897,14
E02001898,8
E02001899,24
E02001900,19
E02001901,12
E02001902,18
E02001903,28
E02001904,21
E02001905,21
E02001906,14
E02001907,17
E02001908,23
E02001909,48
E02001910,22
E02001911,13
E02001913,15
E02001914,26
E02001915,42
E02001916,23
E02001918,24
E02001919,22
E02001920,7
E02001921,16
E02001922,4
E02001923,28
E02001924,11
E02001925,10
E02001926,23
E02001927,23
E02001928,12
E02001929,21
E02001930,8
E02001931,18
E02001932,6
E02001933,14
E02001934,20
E02001935,18
E02001936,16
E02001937,22
E02001938,11
E02001939,17
E02001941,32
E02001942,23
E02001943,13
E02001944,15
E02001945,9
E02001946,12
E02001947,11
E02001948,24
E02001949,11
E02001950,14
E02001951,13
E02001952,16
E02001953,34
E02001954,11
E02001955,27
E02001956,8
E02001957,16
E02001958,12
E02001959,15
E02001961,8
E02001962,17
E02001963,13
E02001964,10
E02001965,7
E02001966,13
E02001967,18
E02001968,15
E02001969,26
E02001970,7
E02001971,8
E02001972,20
E02001973,10
E02001974,14
E02001975,16
E02001976,18
E02001977,6
E02001978,10
E02001979,15
E02001980,9
E02001981,14
E02001982,19
E02001983,8
E02001984,21
E02001985,3
E02001986,21
E02001987,5
E02001988,15
E02001989,15
E02001990,22
E02001991,21
E02001992,33
E02001993,15
E02001994,14
E02001995,25
E02001996,7
E02001997,15
E02001998,9
E02001999,9
E02002000,17
E02002001,11
E02002002,24
E02002003,25
E02002004,14
E02002005,12
E02002006,6
E02002007,28
E02002008,24
E02002009,11
E02002010,34
E02002011,15
E02002012,23
E02002013,21
E02002014,18
E02002015,10
E02002016,16
E02002017,27
E02002018,17
E02002019,22
E02002020,35
E02002021,18
E02002022,16
E02002023,5
E02002024,23
E02002025,16
E02002026,11
E02002027,2
E02002028,7
E02002029,19
E02002030,23
E02002031,10
E02002032,15
E02002033,9
E02002034,14
E02002035,24
E02002036,12
E02002037,12
E02002038,13
E02002039,14
E02002040,12
E02002041,15
E02002042,23
E02002043,35
E02002044,17
E02002045,27
E02002046,10
E02002047,47
E02002048,17
E02002049,10
E02002051,16
E02002052,32
E02002053,10
E02002054,16
E02002055,31
E02002056,33
E02002057,31
E02002058,34
E02002059,33
E02002060,20
E02002061,29
E02002062,43
E02002063,24
E02002064,25
E02002065,34
E02002066,18
E02002067,18
E02002068,32
E02002069,25
E02002070,48
E02002071,15
E02002072,23
E02002073,24
E02002074,28
E02002075,20
E02002076,20
E02002077,32
E02002078,15
E02002079,27
E02002080,17
E02002081,8
E02002082,17
E02002083,17
E02002084,11
E02002085,9
E02002086,9
E02002087,16
E02002088,28
E02002089,23
E02002090,4
E02002091,18
E02002092,19
E02002093,21
E02002094,39
E02002095,16
E02002096,37
E02002097,14
E02002098,22
E02002099,16
E02002101,17
E02002102,42
E02002103,27
E02002104,13
E02002105,15
E02002106,38
E02002107,6
E02002108,15
E02002109,18
E02002110,15
E02002111,33
E02002112,13
E02002113,13
E02002114,30
E02002115,20
E02002116,38
E02002117,17
E02002118,40
E02002119,14
E02002120,8
E02002121,49
E02002122,16
E02002123,19
E02002124,22
E02002125,18
E02002126,18
E02002127,22
E02002128,21
E02002129,17
E02002130,19
E02002131,15
E02002132,38
E02002133,17
E02002134,17
E02002135,26
E02002136,14
E02002137,31
E02002138,16
E02002139,38
E02002140,35
E02002141,17
E02002142,18
E02002143,30
E02002144,15
E02002145,14
E02002146,17
E02002147,32
E02002148,28
E02002149,40
E02002150,15
E02002151,14
E02002152,18
E02002153,20
E02002154,14
E02002155,26
E02002156,20
E02002157,17
E02002158,20
E02002159,11
E02002160,27
E02002161,16
E02002162,34
E02002163,16
E02002164,8
E02002165,31
E02002166,27
E02002167,16
E02002168,27
E02002169,27
E02002170,16
E02002171,18
E02002174,20
E02002175,26
E02002176,17
E02002177,26
E02002178,48
E02002179,14
E02002180,12
E02002181,16
E02002182,39
E02002183,7
E02002184,54
E02002185,3
E02002186,29
E02002187,7
E02002188,8
E02002189,25
E02002190,26
E02002191,24
E02002192,17
E02002193,12
E02002194,14
E02002195,8
E02002196,4
E02002197,33
E02002198,15
E02002199,12
E02002200,29
E02002201,23
E02002202,17
E02002203,13
E02002204,25
E02002205,18
E02002206,8
E02002207,22
E02002208,17
E02002209,12
E02002210,14
E02002211,20
E02002212,12
E02002213,13
E02002214,7
E02002215,22
E02002216,36
E02002217,31
E02002218,15
E02002219,19
E02002220,22
E02002221,29
E02002222,36
E02002223,18
E02002224,21
E02002225,12
E02002226,37
E02002227,10
E02002228,28
E02002229,13
E02002230,14
E02002231,35
E02002232,27
E02002233,17
E02002234,15
E02002235,14
E02002236,11
E02002237,27
E02002238,11
E02002239,12
E02002240,25
E02002241,34
E02002242,13
E02002243,10
E02002244,7
E02002245,6
E02002246,8
E02002247,9
E02002248,12
E02002249,7
E02002250,7
E02002251,21
E02002252,4
E02002253,8
E02002254,7
E02002255,28
E02002256,14
E02002257,10
E02002258,17
E02002259,17
E02002260,11
E02002261,7
E02002262,14
E02002263,6
E02002264,14
E02002265,6
E02002266,17
E02002267,16
E02002268,23
E02002269,16
E02002270,6
E02002271,13
E02002272,23
E02002273,21
E02002274,13
E02002275,16
E02002276,19
E02002277,22
E02002278,9
E02002279,11
E02002280,18
E02002281,42
E02002282,7
E02002283,28
E02002284,15
E02002285,27
E02002286,15
E02002287,31
E02002288,30
E02002289,9
E02002290,9
E02002291,15
E02002292,15
E02002293,11
E02002294,30
E02002295,5
E02002296,19
E02002297,8
E02002298,17
E02002299,9
E02002300,15
E02002301,10
E02002302,12
E02002303,11
E02002304,14
E02002305,9
E02002306,8
E02002307,13
E02002308,7
E02002309,19
E02002310,8
E02002311,12
E02002312,4
E02002313,24
E02002314,16
E02002315,8
E02002316,7
E02002317,10
E02002318,16
E02002319,16
E02002320,11
E02002321,10
E02002322,10
E02002323,12
E02002324,12
E02002325,23
E02002326,7
E02002327,23
E02002328,10
E02002329,5
E02002330,10
E02002331,28
E02002332,4
E02002333,11
E02002334,16
E02002335,9
E02002336,5
E02002337,13
E02002338,20
E02002339,7
E02002340,6
E02002341,19
E02002342,5
E02002343,5
E02002344,15
E02002345,9
E02002346,7
E02002347,6
E02002348,23
E02002349,26
E02002350,10
E02002351,8
E02002352,24
E02002353,9
E02002354,19
E02002356,12
E02002357,12
E02002358,21
E02002359,7
E02002360,8
E02002361,14
E02002362,12
E02002363,11
E02002364,34
E02002366,38
E02002367,25
E02002368,6
E02002369,9
E02002370,10
E02002371,27
E02002373,10
E02002374,7
E02002375,9
E02002376,23
E02002377,16
E02002379,7
E02002380,10
E02002381,4
E02002382,19
E02002383,2
E02002384,10
E02002385,4
E02002386,18
E02002387,13
E02002388,14
E02002389,15
E02002390,12
E02002391,14
E02002392,3
E02002393,10
E02002394,10
E02002395,19
E02002396,27
E02002397,17
E02002398,16
E02002399,9
E02002400,12
E02002401,7
E02002402,35
E02002403,28
E02002404,17
E02002405,19
E02002406,14
E02002407,16
E02002408,17
E02002409,13
E02002410,18
E02002411,31
E02002412,6
E02002414,18
E02002415,10
E02002416,16
E02002417,12
E02002418,16
E02002419,11
E02002420,13
E02002421,10
E02002422,19
E02002423,15
E02002424,15
E02002425,18
E02002426,18
E02002427,15
E02002428,13
E02002429,22
E02002430,19
E02002431,11
E02002432,28
E02002433,13
E02002434,18
E02002435,12
E02002436,13
E02002437,9
E02002438,10
E02002439,29
E02002440,19
E02002441,22
E02002442,14
E02002443,7
E02002444,13
E02002445,29
E02002446,16
E02002447,17
E02002448,16
E02002449,16
E02002450,10
E02002451,33
E02002452,24
E02002453,27
E02002454,21
E02002455,16
E02002456,11
E02002457,21
E02002458,19
E02002459,14
E02002460,20
E02002461,34
E02002462,9
E02002463,36
E02002464,14
E02002465,14
E02002466,24
E02002467,15
E02002468,3
E02002469,14
E02002470,16
E02002471,14
E02002472,10
E02002473,19
E02002474,18
E02002475,15
E02002476,22
E02002477,8
E02002478,8
E02002479,24
E02002480,18
E02002481,27
E02002482,16
E02002483,22
E02002484,35
E02002485,22
E02002487,8
E02002488,21
E02002489,16
E02002490,9
E02002491,21
E02002492,23
E02002493,22
E02002494,20
E02002496,24
E02002497,15
E02002498,13
E02002499,42
E02002500,15
E02002501,24
E02002502,21
E02002503,9
E02002504,15
E02002505,9
E02002506,26
E02002507,12
E02002508,15
E02002509,17
E02002510,9
E02002512,10
E02002513,29
E02002514,37
E02002515,24
E02002516,12
E02002517,5
E02002518,18
E02002519,25
E02002520,21
E02002521,34
E02002523,10
E02002524,6
E02002525,32
E02002526,7
E02002527,12
E02002529,4
E02002530,11
E02002532,28
E02002533,13
E02002534,13
E02002535,13
E02002536,21
E02002537,15
E02002538,18
E02002539,18
E02002540,11
E02002541,8
E02002542,27
E02002543,20
E02002544,19
E02002545,11
E02002546,19
E02002547,21
E02002548,42
E02002549,23
E02002550,10
E02002551,22
E02002552,17
E02002553,20
E02002554,22
E02002555,21
E02002556,3
E02002557,21
E02002558,16
E02002559,5
E02002560,3
E02002561,12
E02002562,22
E02002563,28
E02002564,15
E02002565,7
E02002566,10
E02002567,16
E02002568,22
E02002569,31
E02002570,48
E02002571,8
E02002572,5
E02002573,12
E02002574,10
E02002575,13
E02002576,17
E02002577,20
E02002578,23
E02002579,24
E02002580,16
E02002581,17
E02002582,9
E02002583,9
E02002584,22
E02002585,19
E02002586,21
E02002587,6
E02002588,39
E02002589,9
E02002590,9
E02002591,26
E02002592,21
E02002593,10
E02002594,5
E02002595,15
E02002596,13
E02002597,17
E02002598,11
E02002599,31
E02002600,21
E02002601,22
E02002602,12
E02002603,16
E02002604,29
E02002605,19
E02002606,41
E02002607,30
E02002608,51
E02002609,19
E02002610,20
E02002611,33
E02002612,11
E02002613,16
E02002614,16
E02002615,19
E02002616,17
E02002617,25
E02002618,25
E02002619,23
E02002620,26
E02002621,36
E02002622,31
E02002623,26
E02002624,23
E02002625,25
E02002626,38
E02002627,17
E02002628,26
E02002629,10
E02002630,23
E02002631,20
E02002632,6
E02002633,28
E02002634,36
E02002635,22
E02002636,22
E02002637,10
E02002638,13
E02002639,14
E02002640,8
E02002641,17
E02002642,24
E02002643,18
E02002644,33
E02002645,6
E02002646,19
E02002647,20
E02002648,16
E02002649,20
E02002650,21
E02002651,35
E02002652,25
E02002653,11
E02002654,11
E02002655,20
E02002656,22
E02002657,20
E02002658,20
E02002659,25
E02002660,30
E02002661,32
E02002662,33
E02002663,7
E02002664,7
E02002665,37
E02002666,11
E02002667,7
E02002668,19
E02002669,8
E02002670,18
E02002671,27
E02002672,24
E02002673,24
E02002674,8
E02002675,8
E02002676,10
E02002677,16
E02002678,20
E02002679,21
E02002680,35
E02002681,16
E02002682,21
E02002684,29
E02002685,15
E02002686,17
E02002687,12
E02002688,7
E02002689,19
E02002691,26
E02002692,12
E02002693,11
E02002694,11
E02002695,20
E02002696,12
E02002697,13
E02002698,14
E02002699,21
E02002700,9
E02002701,4
E02002702,15
E02002703,28
E02002704,8
E02002705,23
E02002706,18
E02002707,16
E02002708,20
E02002709,13
E02002710,16
E02002711,29
E02002712,34
E02002714,14
E02002715,24
E02002716,18
E02002717,17
E02002718,15
E02002719,33
E02002720,13
E02002721,14
E02002722,21
E02002723,13
E02002724,10
E02002725,20
E02002726,18
E02002727,11
E02002728,5
E02002729,3
E02002730,7
E02002731,5
E02002732,7
E02002733,4
E02002734,5
E02002735,3
E02002736,2
E02002737,28
E02002738,5
E02002739,6
E02002740,13
E02002741,18
E02002742,14
E02002743,13
E02002744,22
E02002745,15
E02002746,17
E02002747,17
E02002748,14
E02002749,16
E02002750,6
E02002751,9
E02002752,7
E02002753,18
E02002754,12
E02002755,22
E02002756,18
E02002757,17
E02002758,2
E02002759,22
E02002760,9
E02002761,6
E02002762,11
E02002763,13
E02002764,8
E02002765,13
E02002766,20
E02002767,7
E02002768,7
E02002769,12
E02002770,9
E02002771,14
E02002772,7
E02002773,10
E02002774,18
E02002775,8
E02002776,14
E02002777,11
E02002778,21
E02002779,16
E02002780,7
E02002781,24
E02002782,9
E02002783,15
E02002784,9
E02002785,28
E02002786,7
E02002787,12
E02002788,4
E02002789,18
E02002790,20
E02002791,20
E02002792,13
E02002793,20
E02002794,10
E02002795,16
E02002796,6
E02002797,20
E02002798,12
E02002799,21
E02002800,35
E02002801,20
E02002802,16
E02002803,14
E02002804,25
E02002805,13
E02002806,12
E02002807,28
E02002808,19
E02002809,28
E02002810,20
E02002811,24
E02002812,40
E02002813,44
E02002814,45
E02002815,13
E02002816,16
E02002817,27
E02002818,25
E02002819,27
E02002820,16
E02002821,31
E02002822,19
E02002823,19
E02002824,22
E02002825,44
E02002826,6
E02002827,11
E02002828,14
E02002829,32
E02002830,12
E02002831,30
E02002832,39
E02002833,23
E02002834,12
E02002835,31
E02002836,28
E02002837,18
E02002838,21
E02002839,23
E02002842,2
E02002843,36
E02002844,46
E02002845,21
E02002846,12
E02002847,31
E02002848,31
E02002849,26
E02002851,34
E02002852,15
E02002853,36
E02002854,17
E02002855,4
E02002856,32
E02002857,3
E02002858,18
E02002860,32
E02002861,12
E02002862,14
E02002863,6
E02002864,12
E02002865,15
E02002866,13
E02002867,19
E02002868,16
E02002869,16
E02002871,20
E02002872,20
E02002873,19
E02002874,13
E02002875,14
E02002876,20
E02002877,16
E02002878,10
E02002879,8
E02002880,17
E02002881,20
E02002882,32
E02002883,21
E02002884,23
E02002885,16
E02002886,17
E02002887,48
E02002888,23
E02002889,4
E02002890,13
E02002891,15
E02002892,19
E02002893,12
E02002894,22
E02002895,1
E02002896,11
E02002897,14
E02002898,4
E02002899,4
E02002901,15
E02002902,36
E02002903,18
E02002904,20
E02002905,9
E02002906,7
E02002907,13
E02002908,11
E02002909,13
E02002910,9
E02002911,24
E02002912,14
E02002913,6
E02002914,13
E02002915,23
E02002916,15
E02002917,6
E02002918,20
E02002919,19
E02002920,5
E02002921,8
E02002922,10
E02002923,9
E02002924,6
E02002925,14
E02002926,27
E02002927,12
E02002928,8
E02002929,6
E02002930,12
E02002931,5
E02002932,11
E02002933,13
E02002934,9
E02002935,15
E02002936,11
E02002937,11
E02002938,5
E02002939,16
E02002940,13
E02002941,17
E02002942,12
E02002943,17
E02002944,11
E02002945,9
E02002946,13
E02002947,6
E02002948,2
E02002949,12
E02002950,8
E02002951,39
E02002952,21
E02002953,19
E02002954,16
E02002955,24
E02002956,31
E02002957,22
E02002958,20
E02002959,36
E02002960,7
E02002961,14
E02002962,13
E02002963,13
E02002964,29
E02002965,18
E02002966,15
E02002967,39
E02002968,23
E02002969,20
E02002970,33
E02002971,8
E02002972,16
E02002973,12
E02002974,29
E02002975,12
E02002976,13
E02002977,22
E02002978,18
E02002979,24
E02002980,26
E02002981,15
E02002982,15
E02002983,8
E02002984,46
E02002985,18
E02002986,10
E02002987,8
E02002988,26
E02002989,25
E02002990,2
E02002991,7
E02002992,6
E02002993,3
E02002994,5
E02002995,2
E02002996,6
E02002997,7
E02002998,13
E02002999,3
E02003000,22
E02003001,14
E02003002,3
E02003003,11
E02003004,20
E02003005,7
E02003006,10
E02003007,16
E02003008,2
E02003009,6
E02003010,5
E02003011,8
E02003012,16
E02003013,23
E02003014,5
E02003015,6
E02003016,7
E02003017,16
E02003018,4
E02003019,16
E02003020,30
E02003021,14
E02003022,3
E02003023,17
E02003024,21
E02003025,12
E02003026,20
E02003027,3
E02003028,19
E02003029,6
E02003030,8
E02003031,2
E02003032,11
E02003033,7
E02003034,6
E02003036,6
E02003037,6
E02003038,11
E02003039,13
E02003040,19
E02003041,1
E02003043,0
E02003044,5
E02003045,1
E02003046,2
E02003047,12
E02003048,1
E02003049,3
E02003050,12
E02003051,5
E02003052,6
E02003053,5
E02003054,12
E02003055,11
E02003056,10
E02003057,7
E02003058,19
E02003059,8
E02003060,39
E02003061,9
E02003062,22
E02003063,14
E02003064,0
E02003065,6
E02003066,6
E02003067,6
E02003068,12
E02003069,8
E02003070,28
E02003071,23
E02003072,11
E02003073,7
E02003074,10
E02003075,2
E02003076,10
E02003077,3
E02003078,11
E02003079,10
E02003080,18
E02003081,14
E02003082,36
E02003084,24
E02003085,5
E02003086,19
E02003087,11
E02003088,24
E02003089,11
E02003090,18
E02003091,13
E02003092,4
E02003093,14
E02003094,10
E02003095,8
E02003096,4
E02003097,10
E02003098,5
E02003099,13
E02003100,34
E02003101,3
E02003102,6
E02003103,3
E02003104,7
E02003105,19
E02003106,19
E02003107,9
E02003108,5
E02003109,4
E02003110,13
E02003111,14
E02003112,7
E02003113,12
E02003114,15
E02003115,24
E02003116,30
E02003117,15
E02003118,11
E02003119,14
E02003120,10
E02003121,17
E02003122,3
E02003123,2
E02003124,0
E02003125,17
E02003126,5
E02003127,6
E02003128,8
E02003129,3
E02003130,4
E02003131,7
E02003132,3
E02003133,3
E02003134,3
E02003135,5
E02003136,18
E02003137,12
E02003138,4
E02003139,2
E02003140,5
E02003141,5
E02003142,7
E02003143,9
E02003144,12
E02003145,15
E02003146,1
E02003147,5
E02003148,5
E02003149,5
E02003150,10
E02003151,14
E02003152,3
E02003153,6
E02003154,7
E02003155,10
E02003156,6
E02003157,2
E02003158,5
E02003159,7
E02003161,9
E02003163,25
E02003164,4
E02003165,18
E02003166,2
E02003167,15
E02003168,8
E02003169,3
E02003170,13
E02003171,4
E02003172,21
E02003173,13
E02003174,11
E02003175,14
E02003176,16
E02003177,5
E02003178,23
E02003179,25
E02003180,10
E02003181,9
E02003182,14
E02003183,17
E02003184,15
E02003185,9
E02003186,3
E02003187,6
E02003188,19
E02003189,28
E02003190,13
E02003191,35
E02003192,17
E02003194,25
E02003195,25
E02003196,42
E02003197,11
E02003198,13
E02003199,16
E02003200,24
E02003201,19
E02003202,10
E02003203,7
E02003204,20
E02003205,17
E02003206,27
E02003207,10
E02003208,38
E02003209,5
E02003210,33
E02003211,53
E02003212,14
E02003214,5
E02003215,12
E02003216,13
E02003217,17
E02003218,9
E02003219,15
E02003220,29
E02003221,14
E02003222,3
E02003223,9
E02003224,8
E02003225,4
E02003226,14
E02003227,10
E02003228,7
E02003229,3
E02003230,6
E02003231,10
E02003232,14
E02003233,11
E02003234,16
E02003235,12
E02003236,35
E02003237,7
E02003238,4
E02003239,15
E02003240,5
E02003241,12
E02003242,20
E02003243,3
E02003244,13
E02003245,6
E02003246,11
E02003247,29
E02003248,36
E02003249,21
E02003250,26
E02003251,24
E02003252,12
E02003253,13
E02003254,9
E02003255,15
E02003257,4
E02003258,24
E02003259,17
E02003260,22
E02003261,28
E02003262,23
E02003263,37
E02003264,22
E02003265,20
E02003266,29
E02003267,30
E02003268,30
E02003269,16
E02003270,23
E02003271,14
E02003272,28
E02003273,22
E02003274,35
E02003275,27
E02003276,20
E02003277,19
E02003278,23
E02003279,31
E02003280,38
E02003281,39
E02003282,29
E02003283,60
E02003284,28
E02003285,11
E02003286,24
E02003287,48
E02003288,43
E02003289,20
E02003290,61
E02003291,34
E02003292,29
E02003293,50
E02003294,31
E02003295,31
E02003296,24
E02003297,25
E02003298,27
E02003299,19
E02003300,16
E02003301,26
E02003302,42
E02003303,22
E02003304,42
E02003305,21
E02003307,54
E02003308,11
E02003309,22
E02003310,13
E02003311,30
E02003312,7
E02003313,33
E02003314,26
E02003315,8
E02003316,27
E02003317,29
E02003318,9
E02003319,26
E02003320,9
E02003321,26
E02003322,10
E02003323,12
E02003324,17
E02003325,19
E02003326,22
E02003327,15
E02003328,18
E02003329,14
E02003330,10
E02003331,26
E02003332,40
E02003333,13
E02003334,18
E02003335,15
E02003336,23
E02003337,23
E02003338,20
E02003339,28
E02003340,30
E02003341,11
E02003342,13
E02003343,11
E02003344,16
E02003345,11
E02003346,17
E02003347,12
E02003348,34
E02003349,21
E02003350,20
E02003351,30
E02003352,4
E02003353,14
E02003354,13
E02003355,6
E02003356,6
E02003357,6
E02003358,15
E02003359,7
E02003360,14
E02003361,12
E02003362,9
E02003363,15
E02003364,12
E02003365,18
E02003366,6
E02003367,1
E02003368,6
E02003369,3
E02003370,4
E02003371,7
E02003372,16
E02003373,5
E02003374,7
E02003375,6
E02003376,8
E02003377,7
E02003378,16
E02003379,14
E02003380,7
E02003381,8
E02003382,37
E02003383,6
E02003384,16
E02003385,23
E02003386,8
E02003387,12
E02003388,6
E02003389,8
E02003390,3
E02003391,21
E02003392,12
E02003393,8
E02003394,26
E02003395,10
E02003396,15
E02003397,13
E02003398,6
E02003399,5
E02003400,16
E02003401,31
E02003402,17
E02003403,22
E02003404,20
E02003405,17
E02003406,17
E02003407,20
E02003408,25
E02003409,11
E02003410,31
E02003411,41
E02003412,16
E02003413,23
E02003414,26
E02003415,27
E02003416,17
E02003417,19
E02003418,28
E02003419,20
E02003420,9
E02003421,8
E02003422,25
E02003423,12
E02003424,15
E02003425,22
E02003426,44
E02003427,12
E02003428,15
E02003429,15
E02003430,4
E02003431,12
E02003432,6
E02003433,11
E02003434,32
E02003435,9
E02003436,12
E02003437,26
E02003438,33
E02003439,9
E02003440,10
E02003441,20
E02003442,4
E02003443,17
E02003444,18
E02003445,9
E02003446,12
E02003447,23
E02003448,11
E02003449,6
E02003450,16
E02003451,14
E02003452,10
E02003453,5
E02003454,32
E02003455,11
E02003456,13
E02003457,11
E02003458,16
E02003459,18
E02003460,16
E02003461,36
E02003462,11
E02003463,7
E02003464,9
E02003465,24
E02003466,8
E02003467,41
E02003468,15
E02003469,9
E02003470,5
E02003471,9
E02003472,8
E02003473,9
E02003474,14
E02003475,16
E02003476,16
E02003477,25
E02003478,8
E02003479,13
E02003480,5
E02003481,10
E02003482,18
E02003483,10
E02003484,11
E02003485,31
E02003486,5
E02003487,21
E02003488,19
E02003489,33
E02003490,21
E02003491,15
E02003492,11
E02003493,20
E02003494,5
E02003495,9
E02003496,11
E02003497,20
E02003498,8
E02003499,25
E02003500,6
E02003501,7
E02003502,8
E02003503,26
E02003504,10
E02003505,6
E02003506,9
E02003507,26
E02003508,7
E02003509,17
E02003510,3
E02003511,6
E02003512,5
E02003513,19
E02003514,7
E02003515,10
E02003516,6
E02003517,4
E02003518,24
E02003519,2
E02003520,9
E02003521,23
E02003522,17
E02003523,24
E02003524,19
E02003525,7
E02003526,24
E02003527,7
E02003529,8
E02003530,20
E02003531,13
E02003532,15
E02003533,12
E02003534,9
E02003535,17
E02003536,14
E02003537,15
E02003538,21
E02003539,13
E02003540,28
E02003541,12
E02003542,9
E02003543,11
E02003544,4
E02003545,13
E02003546,20
E02003547,8
E02003548,26
E02003549,13
E02003550,14
E02003551,6
E02003552,20
E02003553,6
E02003554,24
E02003555,8
E02003556,8
E02003557,3
E02003558,8
E02003559,12
E02003560,3
E02003561,11
E02003562,11
E02003563,14
E02003564,8
E02003565,7
E02003566,5
E02003567,14
E02003568,11
E02003569,4
E02003570,9
E02003571,27
E02003572,11
E02003573,10
E02003574,13
E02003575,13
E02003576,4
E02003577,3
E02003578,6
E02003579,25
E02003580,11
E02003581,12
E02003582,22
E02003583,9
E02003584,2
E02003585,13
E02003586,16
E02003587,10
E02003588,16
E02003589,8
E02003590,16
E02003591,12
E02003592,25
E02003593,1
E02003594,30
E02003595,14
E02003596,30
E02003597,5
E02003598,14
E02003599,14
E02003600,21
E02003601,9
E02003602,12
E02003603,29
E02003604,23
E02003605,18
E02003606,20
E02003607,22
E02003608,20
E02003609,20
E02003610,17
E02003611,23
E02003612,12
E02003613,11
E02003614,9
E02003615,25
E02003616,11
E02003617,16
E02003618,16
E02003619,36
E02003620,28
E02003621,21
E02003622,34
E02003623,19
E02003624,35
E02003625,47
E02003626,8
E02003627,36
E02003628,26
E02003629,22
E02003630,24
E02003631,18
E02003632,12
E02003633,30
E02003634,25
E02003635,15
E02003636,15
E02003637,18
E02003638,11
E02003639,28
E02003640,11
E02003641,8
E02003642,16
E02003643,12
E02003644,18
E02003645,14
E02003646,18
E02003647,34
E02003648,13
E02003649,6
E02003650,24
E02003651,30
E02003652,29
E02003653,6
E02003654,10
E02003655,11
E02003656,15
E02003657,18
E02003658,27
E02003659,8
E02003660,6
E02003661,3
E02003662,4
E02003663,22
E02003664,30
E02003665,8
E02003666,10
E02003667,10
E02003668,25
E02003669,16
E02003670,14
E02003671,9
E02003672,22
E02003673,28
E02003674,10
E02003675,15
E02003676,11
E02003677,11
E02003678,20
E02003679,6
E02003680,14
E02003681,35
E02003682,4
E02003683,11
E02003685,12
E02003686,25
E02003687,22
E02003688,36
E02003689,11
E02003690,34
E02003691,16
E02003692,21
E02003693,18
E02003694,13
E02003695,31
E02003696,22
E02003697,13
E02003698,5
E02003699,13
E02003701,33
E02003702,11
E02003703,17
E02003704,2
E02003705,8
E02003706,10
E02003707,6
E02003708,21
E02003709,8
E02003710,21
E02003711,20
E02003712,25
E02003713,13
E02003714,14
E02003715,2
E02003716,11
E02003717,21
E02003718,20
E02003719,26
E02003720,12
E02003721,19
E02003722,14
E02003723,1
E02003724,4
E02003725,2
E02003726,5
E02003727,9
E02003728,17
E02003729,4
E02003730,4
E02003731,4
E02003732,11
E02003733,10
E02003734,19
E02003735,3
E02003736,8
E02003737,9
E02003738,2
E02003739,7
E02003740,22
E02003742,13
E02003743,26
E02003744,47
E02003745,14
E02003746,7
E02003747,14
E02003748,13
E02003749,18
E02003750,21
E02003751,19
E02003752,15
E02003753,14
E02003754,4
E02003755,13
E02003756,7
E02003757,8
E02003758,25
E02003759,10
E02003760,8
E02003761,25
E02003762,17
E02003763,6
E02003764,18
E02003765,8
E02003766,7
E02003767,5
E02003768,18
E02003769,8
E02003770,7
E02003771,9
E02003772,8
E02003773,17
E02003774,8
E02003775,4
E02003776,14
E02003777,20
E02003778,19
E02003779,3
E02003780,19
E02003781,2
E02003783,13
E02003784,9
E02003785,6
E02003786,3
E02003787,7
E02003788,6
E02003789,15
E02003790,10
E02003791,3
E02003792,11
E02003793,8
E02003794,16
E02003795,37
E02003796,33
E02003797,28
E02003798,20
E02003799,27
E02003800,22
E02003801,19
E02003802,21
E02003803,18
E02003804,15
E02003805,24
E02003806,22
E02003807,22
E02003808,13
E02003809,19
E02003810,16
E02003811,11
E02003812,19
E02003813,24
E02003814,14
E02003815,23
E02003816,17
E02003817,8
E02003818,21
E02003819,21
E02003820,12
E02003821,16
E02003822,15
E02003823,20
E02003824,8
E02003825,4
E02003826,32
E02003827,26
E02003828,15
E02003829,10
E02003830,22
E02003831,30
E02003832,5
E02003833,11
E02003834,13
E02003835,14
E02003836,17
E02003837,25
E02003838,12
E02003839,19
E02003840,16
E02003841,15
E02003842,14
E02003843,13
E02003844,17
E02003845,27
E02003846,22
E02003847,20
E02003848,14
E02003849,11
E02003850,16
E02003851,25
E02003852,19
E02003853,8
E02003854,14
E02003855,39
E02003856,19
E02003857,12
E02003858,15
E02003859,42
E02003860,12
E02003861,18
E02003862,23
E02003863,15
E02003864,38
E02003865,20
E02003866,11
E02003867,8
E02003868,18
E02003869,35
E02003870,22
E02003871,14
E02003872,18
E02003873,8
E02003874,21
E02003875,9
E02003876,6
E02003877,25
E02003878,27
E02003879,20
E02003880,18
E02003881,6
E02003882,19
E02003883,11
E02003884,21
E02003885,12
E02003886,25
E02003887,10
E02003888,18
E02003889,11
E02003890,10
E02003891,9
E02003892,5
E02003893,4
E02003894,23
E02003895,6
E02003896,3
E02003897,3
E02003898,2
E02003899,0
E02003900,4
E02003901,9
E02003902,0
E02003903,2
E02003904,11
E02003905,4
E02003906,7
E02003907,6
E02003908,6
E02003909,9
E02003910,6
E02003911,5
E02003912,18
E02003913,1
E02003914,3
E02003915,4
E02003916,7
E02003917,6
E02003918,7
E02003919,6
E02003920,3
E02003921,7
E02003922,5
E02003923,13
E02003924,12
E02003925,5
E02003926,8
E02003927,4
E02003928,21
E02003929,8
E02003930,9
E02003931,6
E02003932,2
E02003933,2
E02003934,6
E02003935,12
E02003936,5
E02003937,4
E02003938,1
E02003939,2
E02003940,5
E02003941,13
E02003942,6
E02003943,10
E02003944,12
E02003945,10
E02003946,9
E02003947,10
E02003948,7
E02003949,10
E02003950,4
E02003951,4
E02003952,3
E02003953,6
E02003954,7
E02003955,6
E02003956,8
E02003957,6
E02003958,6
E02003959,14
E02003960,14
E02003961,3
E02003962,7
E02003963,15
E02003964,7
E02003965,38
E02003966,10
E02003967,14
E02003968,31
E02003969,28
E02003970,16
E02003971,9
E02003972,10
E02003973,16
E02003974,31
E02003975,42
E02003976,14
E02003977,6
E02003978,12
E02003979,30
E02003980,16
E02003981,11
E02003982,23
E02003983,12
E02003984,20
E02003985,19
E02003986,16
E02003987,11
E02003988,29
E02003989,7
E02003990,32
E02003991,27
E02003992,20
E02003993,18
E02003994,29
E02003995,42
E02003996,30
E02003997,39
E02003998,11
E02003999,24
E02004000,12
E02004001,10
E02004002,31
E02004003,27
E02004004,37
E02004005,15
E02004006,10
E02004007,28
E02004008,13
E02004009,16
E02004010,26
E02004011,31
E02004012,14
E02004013,11
E02004014,21
E02004015,14
E02004016,17
E02004017,8
E02004018,11
E02004019,24
E02004020,31
E02004021,13
E02004022,10
E02004023,8
E02004024,17
E02004025,19
E02004026,32
E02004027,47
E02004028,13
E02004029,17
E02004030,14
E02004031,27
E02004032,17
E02004033,20
E02004034,21
E02004035,14
E02004036,38
E02004037,12
E02004038,27
E02004039,17
E02004040,19
E02004041,10
E02004043,19
E02004044,20
E02004045,24
E02004046,18
E02004047,24
E02004048,10
E02004049,32
E02004050,24
E02004051,29
E02004052,18
E02004053,16
E02004054,27
E02004055,13
E02004056,21
E02004057,14
E02004058,16
E02004059,23
E02004060,14
E02004061,21
E02004062,13
E02004063,14
E02004064,9
E02004065,16
E02004066,25
E02004067,8
E02004068,13
E02004069,9
E02004070,20
E02004071,9
E02004072,31
E02004073,19
E02004074,8
E02004075,14
E02004076,26
E02004077,18
E02004078,18
E02004080,34
E02004081,17
E02004082,26
E02004083,17
E02004084,21
E02004085,29
E02004086,9
E02004087,16
E02004088,20
E02004089,19
E02004090,12
E02004091,27
E02004092,13
E02004093,16
E02004094,20
E02004095,30
E02004096,22
E02004097,11
E02004098,26
E02004100,14
E02004102,35
E02004103,20
E02004104,11
E02004105,21
E02004106,10
E02004108,36
E02004109,14
E02004110,13
E02004111,8
E02004112,15
E02004113,30
E02004114,18
E02004115,18
E02004116,37
E02004117,29
E02004118,17
E02004119,16
E02004120,17
E02004121,8
E02004122,14
E02004123,15
E02004124,25
E02004125,32
E02004126,20
E02004128,33
E02004129,0
E02004130,13
E02004131,7
E02004132,10
E02004133,19
E02004134,3
E02004135,3
E02004136,12
E02004137,5
E02004138,14
E02004139,6
E02004140,9
E02004141,2
E02004142,2
E02004143,10
E02004144,9
E02004145,17
E02004146,4
E02004147,6
E02004148,30
E02004149,11
E02004150,10
E02004151,6
E02004152,2
E02004153,2
E02004154,3
E02004155,4
E02004156,5
E02004157,5
E02004158,3
E02004159,7
E02004160,25
E02004161,11
E02004162,15
E02004163,5
E02004164,1
E02004165,8
E02004166,7
E02004167,7
E02004168,5
E02004169,7
E02004170,14
E02004171,4
E02004172,7
E02004173,3
E02004174,6
E02004175,1
E02004176,4
E02004177,4
E02004178,1
E02004179,4
E02004180,7
E02004181,9
E02004182,1
E02004183,0
E02004184,6
E02004185,1
E02004186,3
E02004187,7
E02004188,7
E02004189,2
E02004190,14
E02004191,3
E02004192,3
E02004193,6
E02004194,2
E02004195,6
E02004196,1
E02004197,1
E02004198,2
E02004199,3
E02004200,2
E02004201,1
E02004202,8
E02004203,12
E02004204,7
E02004205,3
E02004206,7
E02004207,1
E02004208,1
E02004209,5
E02004210,5
E02004211,4
E02004212,9
E02004213,18
E02004214,1
E02004215,8
E02004216,5
E02004217,3
E02004218,3
E02004219,4
E02004220,7
E02004221,4
E02004222,2
E02004223,7
E02004224,2
E02004225,1
E02004226,2
E02004227,14
E02004228,5
E02004229,5
E02004230,3
E02004231,5
E02004232,3
E02004233,8
E02004234,4
E02004235,2
E02004236,16
E02004237,13
E02004238,15
E02004239,18
E02004240,4
E02004241,13
E02004242,20
E02004243,10
E02004244,13
E02004245,21
E02004246,14
E02004247,2
E02004248,18
E02004249,10
E02004250,20
E02004251,18
E02004252,22
E02004253,25
E02004254,10
E02004255,15
E02004256,10
E02004257,8
E02004258,10
E02004259,5
E02004260,7
E02004261,24
E02004262,4
E02004263,6
E02004264,9
E02004265,11
E02004266,5
E02004267,6
E02004268,31
E02004269,12
E02004270,3
E02004271,4
E02004272,28
E02004273,4
E02004274,6
E02004275,6
E02004276,5
E02004277,49
E02004278,7
E02004279,9
E02004280,5
E02004281,1
E02004282,14
E02004283,15
E02004284,12
E02004285,3
E02004286,8
E02004287,4
E02004288,6
E02004289,5
E02004290,15
E02004291,22
E02004292,19
E02004293,29
E02004294,14
E02004295,19
E02004296,9
E02004297,19
E02004298,27
E02004299,39
E02004300,17
E02004301,39
E02004302,20
E02004303,30
E02004304,32
E02004305,20
E02004306,14
E02004307,20
E02004308,16
E02004309,20
E02004310,13
E02004311,18
E02004312,14
E02004313,7
E02004314,20
E02004315,28
E02004316,14
E02004317,28
E02004318,17
E02004319,18
E02004320,24
E02004321,36
E02004322,37
E02004323,15
E02004324,7
E02004325,27
E02004326,14
E02004327,24
E02004328,15
E02004329,14
E02004330,36
E02004331,31
E02004332,14
E02004333,7
E02004334,13
E02004335,12
E02004336,21
E02004337,8
E02004338,17
E02004339,14
E02004340,41
E02004341,29
E02004342,17
E02004343,18
E02004344,14
E02004345,24
E02004346,7
E02004347,21
E02004348,18
E02004349,17
E02004350,23
E02004351,21
E02004352,25
E02004353,46
E02004354,10
E02004355,15
E02004356,10
E02004357,21
E02004358,19
E02004359,29
E02004361,20
E02004362,23
E02004363,51
E02004364,22
E02004365,11
E02004366,25
E02004367,47
E02004368,8
E02004369,28
E02004370,11
E02004371,14
E02004372,9
E02004373,12
E02004374,31
E02004375,26
E02004376,15
E02004377,71
E02004378,15
E02004379,16
E02004380,22
E02004381,15
E02004382,27
E02004383,7
E02004384,18
E02004385,17
E02004386,10
E02004387,6
E02004388,25
E02004389,56
E02004390,22
E02004391,25
E02004392,14
E02004393,8
E02004394,37
E02004395,13
E02004396,21
E02004397,37
E02004398,51
E02004399,31
E02004400,44
E02004401,45
E02004402,48
E02004403,10
E02004404,4
E02004405,4
E02004406,31
E02004407,18
E02004408,3
E02004409,8
E02004410,13
E02004411,20
E02004412,19
E02004413,29
E02004414,13
E02004415,7
E02004416,12
E02004417,33
E02004418,15
E02004419,35
E02004420,28
E02004421,32
E02004422,23
E02004423,17
E02004424,11
E02004425,26
E02004426,21
E02004427,30
E02004428,28
E02004429,30
E02004430,16
E02004431,14
E02004432,16
E02004433,35
E02004434,32
E02004435,26
E02004436,24
E02004437,39
E02004438,34
E02004439,16
E02004440,26
E02004441,25
E02004442,19
E02004443,23
E02004444,27
E02004445,37
E02004446,8
E02004447,6
E02004448,18
E02004449,21
E02004450,6
E02004451,54
E02004452,44
E02004453,21
E02004454,31
E02004455,15
E02004456,22
E02004457,16
E02004458,31
E02004459,20
E02004460,14
E02004461,12
E02004462,29
E02004463,34
E02004464,27
E02004465,16
E02004466,15
E02004467,18
E02004468,40
E02004469,19
E02004470,37
E02004471,34
E02004472,18
E02004473,22
E02004474,16
E02004475,13
E02004476,39
E02004477,14
E02004478,30
E02004479,47
E02004480,19
E02004481,49
E02004482,33
E02004483,48
E02004484,35
E02004485,21
E02004486,16
E02004487,13
E02004488,28
E02004489,7
E02004490,28
E02004491,13
E02004492,13
E02004493,21
E02004494,34
E02004495,15
E02004496,27
E02004497,23
E02004498,19
E02004499,10
E02004500,23
E02004501,6
E02004502,22
E02004503,20
E02004504,26
E02004505,29
E02004506,28
E02004507,10
E02004508,11
E02004509,14
E02004512,37
E02004513,16
E02004514,8
E02004515,12
E02004516,16
E02004517,33
E02004518,6
E02004519,12
E02004520,11
E02004521,18
E02004522,10
E02004523,12
E02004524,18
E02004525,19
E02004526,17
E02004527,26
E02004528,12
E02004529,14
E02004530,12
E02004531,19
E02004532,22
E02004533,41
E02004534,17
E02004535,32
E02004536,20
E02004537,22
E02004538,29
E02004539,11
E02004540,13
E02004541,38
E02004542,19
E02004543,36
E02004544,20
E02004545,17
E02004546,14
E02004547,17
E02004548,4
E02004549,21
E02004550,24
E02004551,21
E02004552,19
E02004553,15
E02004554,16
E02004555,6
E02004556,9
E02004557,33
E02004558,21
E02004559,11
E02004560,27
E02004561,18
E02004562,14
E02004563,18
E02004564,30
E02004565,39
E02004566,19
E02004567,26
E02004568,25
E02004569,29
E02004570,33
E02004571,20
E02004572,29
E02004573,26
E02004574,25
E02004575,25
E02004576,24
E02004577,11
E02004578,70
E02004579,17
E02004580,60
E02004581,34
E02004582,28
E02004583,18
E02004584,31
E02004585,21
E02004586,37
E02004587,29
E02004588,32
E02004589,32
E02004590,56
E02004591,5
E02004592,4
E02004593,7
E02004594,5
E02004595,34
E02004596,11
E02004597,29
E02004598,17
E02004599,17
E02004600,5
E02004601,9
E02004602,15
E02004603,2
E02004604,14
E02004605,3
E02004606,33
E02004607,22
E02004608,15
E02004609,23
E02004610,9
E02004611,17
E02004612,15
E02004613,14
E02004614,20
E02004615,11
E02004616,19
E02004617,13
E02004618,4
E02004619,4
E02004620,10
E02004621,21
E02004622,15
E02004623,25
E02004624,4
E02004625,7
E02004626,13
E02004627,7
E02004628,9
E02004629,10
E02004630,9
E02004631,5
E02004632,19
E02004633,16
E02004634,14
E02004635,10
E02004636,6
E02004637,34
E02004638,21
E02004639,26
E02004640,7
E02004641,13
E02004642,19
E02004643,12
E02004644,10
E02004645,6
E02004646,24
E02004647,37
E02004648,6
E02004649,5
E02004650,18
E02004651,13
E02004652,7
E02004653,14
E02004654,18
E02004655,16
E02004656,9
E02004657,8
E02004658,13
E02004659,11
E02004660,12
E02004661,8
E02004662,11
E02004663,11
E02004664,18
E02004665,4
E02004666,26
E02004667,20
E02004668,12
E02004669,6
E02004670,35
E02004671,7
E02004672,24
E02004673,8
E02004674,38
E02004675,14
E02004676,9
E02004677,7
E02004678,16
E02004679,19
E02004680,3
E02004681,25
E02004682,4
E02004683,27
E02004684,14
E02004685,14
E02004686,8
E02004687,5
E02004688,20
E02004689,10
E02004690,21
E02004691,23
E02004692,8
E02004693,15
E02004694,16
E02004695,2
E02004696,7
E02004697,11
E02004698,13
E02004699,20
E02004700,6
E02004702,16
E02004703,11
E02004704,9
E02004705,17
E02004706,13
E02004707,20
E02004708,12
E02004709,10
E02004710,5
E02004712,17
E02004713,16
E02004714,15
E02004715,6
E02004716,8
E02004717,17
E02004718,2
E02004719,11
E02004720,27
E02004721,3
E02004722,19
E02004723,7
E02004724,11
E02004725,12
E02004726,6
E02004727,6
E02004728,17
E02004729,20
E02004730,27
E02004731,10
E02004732,12
E02004733,17
E02004734,18
E02004735,26
E02004736,16
E02004737,17
E02004738,25
E02004739,38
E02004740,15
E02004741,13
E02004742,12
E02004743,4
E02004744,5
E02004745,11
E02004746,18
E02004747,17
E02004748,20
E02004749,28
E02004750,28
E02004751,17
E02004752,11
E02004753,12
E02004754,9
E02004755,8
E02004756,3
E02004757,14
E02004758,20
E02004759,13
E02004760,37
E02004761,6
E02004764,30
E02004765,8
E02004766,26
E02004767,14
E02004768,5
E02004769,11
E02004770,16
E02004771,19
E02004772,12
E02004774,25
E02004775,25
E02004776,24
E02004777,28
E02004778,9
E02004779,22
E02004780,11
E02004781,5
E02004782,8
E02004783,6
E02004784,30
E02004785,5
E02004786,8
E02004787,22
E02004788,9
E02004789,13
E02004790,9
E02004791,6
E02004792,13
E02004793,17
E02004794,14
E02004795,14
E02004796,10
E02004797,3
E02004798,5
E02004799,30
E02004800,35
E02004801,8
E02004802,18
E02004803,11
E02004804,10
E02004805,15
E02004806,8
E02004807,25
E02004808,25
E02004809,17
E02004810,13
E02004811,35
E02004812,16
E02004813,26
E02004814,5
E02004815,4
E02004816,23
E02004817,16
E02004818,11
E02004819,33
E02004820,11
E02004821,9
E02004822,17
E02004823,12
E02004824,22
E02004825,35
E02004826,14
E02004827,1
E02004828,8
E02004829,5
E02004830,8
E02004831,17
E02004832,15
E02004833,20
E02004834,15
E02004835,11
E02004836,2
E02004837,17
E02004838,4
E02004839,7
E02004840,15
E02004841,26
E02004842,28
E02004843,18
E02004844,18
E02004845,25
E02004846,15
E02004847,21
E02004848,11
E02004849,8
E02004850,12
E02004851,17
E02004852,22
E02004853,12
E02004854,22
E02004855,14
E02004856,8
E02004857,10
E02004858,9
E02004859,6
E02004860,4
E02004861,13
E02004862,17
E02004863,34
E02004864,8
E02004865,8
E02004866,26
E02004867,13
E02004868,28
E02004869,3
E02004870,21
E02004871,8
E02004872,14
E02004873,15
E02004874,20
E02004875,26
E02004876,14
E02004877,6
E02004878,14
E02004879,6
E02004880,22
E02004881,10
E02004882,14
E02004883,9
E02004884,8
E02004885,5
E02004886,9
E02004887,5
E02004888,19
E02004889,35
E02004890,10
E02004891,23
E02004892,5
E02004893,6
E02004894,10
E02004895,20
E02004896,43
E02004897,17
E02004898,23
E02004899,28
E02004900,19
E02004901,37
E02004902,15
E02004903,12
E02004904,13
E02004905,27
E02004906,15
E02004907,22
E02004908,47
E02004909,14
E02004910,11
E02004911,16
E02004912,46
E02004913,32
E02004914,7
E02004915,14
E02004916,9
E02004917,30
E02004918,9
E02004919,10
E02004920,39
E02004921,13
E02004922,16
E02004923,32
E02004924,11
E02004925,20
E02004926,10
E02004927,9
E02004928,14
E02004929,13
E02004930,12
E02004931,17
E02004932,23
E02004933,9
E02004934,18
E02004935,8
E02004936,9
E02004937,24
E02004938,20
E02004939,16
E02004940,28
E02004941,22
E02004942,13
E02004943,24
E02004944,8
E02004945,34
E02004946,9
E02004947,11
E02004948,8
E02004949,19
E02004950,8
E02004951,13
E02004952,21
E02004953,4
E02004954,10
E02004955,8
E02004956,14
E02004957,17
E02004958,19
E02004959,26
E02004960,11
E02004961,19
E02004962,29
E02004963,9
E02004964,12
E02004965,26
E02004966,29
E02004967,18
E02004968,24
E02004969,18
E02004970,13
E02004971,17
E02004972,9
E02004973,12
E02004974,45
E02004975,7
E02004976,14
E02004977,22
E02004978,42
E02004979,14
E02004980,15
E02004981,15
E02004982,8
E02004983,11
E02004984,32
E02004985,24
E02004986,11
E02004987,13
E02004988,4
E02004989,26
E02004990,13
E02004991,18
E02004992,23
E02004993,11
E02004994,8
E02004995,14
E02004996,21
E02004997,25
E02004998,14
E02004999,46
E02005000,36
E02005001,26
E02005002,24
E02005003,17
E02005004,34
E02005005,11
E02005006,10
E02005007,29
E02005008,35
E02005009,19
E02005010,38
E02005011,32
E02005012,27
E02005013,26
E02005014,17
E02005015,24
E02005016,29
E02005017,24
E02005018,26
E02005019,42
E02005020,18
E02005021,13
E02005022,7
E02005023,25
E02005025,18
E02005026,16
E02005027,31
E02005028,29
E02005029,23
E02005030,17
E02005031,15
E02005032,17
E02005033,28
E02005034,15
E02005035,36
E02005036,19
E02005037,21
E02005038,17
E02005039,25
E02005040,23
E02005041,14
E02005042,17
E02005043,25
E02005044,21
E02005045,23
E02005046,17
E02005047,32
E02005048,31
E02005049,14
E02005050,47
E02005051,30
E02005052,25
E02005053,23
E02005054,20
E02005055,16
E02005056,30
E02005057,23
E02005058,22
E02005059,25
E02005060,34
E02005061,32
E02005062,18
E02005063,9
E02005064,26
E02005065,25
E02005066,19
E02005067,16
E02005068,8
E02005069,25
E02005070,24
E02005071,15
E02005072,10
E02005073,43
E02005074,29
E02005075,20
E02005076,35
E02005077,25
E02005078,34
E02005079,20
E02005080,29
E02005081,10
E02005082,17
E02005083,20
E02005084,15
E02005085,10
E02005086,9
E02005087,27
E02005088,27
E02005089,15
E02005090,26
E02005091,26
E02005093,31
E02005094,5
E02005095,7
E02005096,22
E02005097,13
E02005098,42
E02005099,7
E02005100,12
E02005101,5
E02005102,10
E02005103,29
E02005104,22
E02005105,16
E02005106,16
E02005107,52
E02005109,27
E02005110,19
E02005111,35
E02005112,34
E02005113,43
E02005114,13
E02005115,12
E02005116,16
E02005117,18
E02005118,27
E02005119,24
E02005120,45
E02005121,30
E02005122,11
E02005123,39
E02005124,39
E02005125,17
E02005126,31
E02005127,25
E02005128,18
E02005129,25
E02005130,17
E02005131,7
E02005132,47
E02005133,33
E02005134,16
E02005135,23
E02005136,26
E02005137,22
E02005138,38
E02005139,27
E02005140,31
E02005141,27
E02005142,22
E02005143,26
E02005144,25
E02005145,21
E02005146,12
E02005147,24
E02005148,28
E02005149,21
E02005150,30
E02005151,17
E02005153,22
E02005154,36
E02005155,7
E02005156,16
E02005157,11
E02005158,14
E02005159,12
E02005160,18
E02005161,13
E02005162,13
E02005163,6
E02005164,8
E02005165,26
E02005166,8
E02005167,18
E02005168,17
E02005169,7
E02005170,17
E02005171,18
E02005172,10
E02005173,6
E02005174,25
E02005175,30
E02005176,27
E02005177,24
E02005178,30
E02005179,43
E02005180,25
E02005181,24
E02005182,26
E02005183,18
E02005184,9
E02005185,19
E02005186,7
E02005189,18
E02005190,5
E02005191,16
E02005192,16
E02005193,17
E02005194,12
E02005195,17
E02005196,22
E02005197,10
E02005198,30
E02005199,10
E02005200,13
E02005201,18
E02005202,22
E02005203,14
E02005204,30
E02005205,17
E02005206,24
E02005207,30
E02005208,51
E02005209,32
E02005210,37
E02005211,19
E02005212,30
E02005213,39
E02005214,15
E02005215,34
E02005216,13
E02005217,30
E02005218,23
E02005219,15
E02005220,12
E02005221,23
E02005222,10
E02005223,16
E02005224,33
E02005225,8
E02005226,31
E02005228,8
E02005229,13
E02005230,13
E02005231,16
E02005233,13
E02005234,10
E02005235,3
E02005236,21
E02005237,21
E02005238,9
E02005239,13
E02005240,15
E02005241,9
E02005242,11
E02005243,20
E02005244,7
E02005245,16
E02005246,13
E02005247,21
E02005248,26
E02005249,25
E02005250,19
E02005251,41
E02005252,37
E02005253,16
E02005254,17
E02005255,19
E02005256,28
E02005257,20
E02005258,23
E02005259,28
E02005260,21
E02005261,19
E02005262,10
E02005263,14
E02005264,11
E02005265,22
E02005266,17
E02005267,16
E02005268,19
E02005269,11
E02005270,13
E02005271,11
E02005272,33
E02005273,16
E02005274,22
E02005275,11
E02005276,22
E02005277,17
E02005278,10
E02005279,24
E02005280,17
E02005281,24
E02005284,29
E02005285,15
E02005286,23
E02005287,9
E02005288,12
E02005289,11
E02005290,16
E02005291,8
E02005292,14
E02005293,12
E02005294,9
E02005295,25
E02005296,15
E02005297,16
E02005298,9
E02005299,10
E02005300,10
E02005301,22
E02005302,9
E02005303,18
E02005304,11
E02005305,20
E02005306,15
E02005307,19
E02005308,19
E02005309,20
E02005310,30
E02005311,6
E02005312,11
E02005313,29
E02005314,19
E02005315,17
E02005316,9
E02005317,11
E02005318,25
E02005319,17
E02005320,22
E02005321,17
E02005322,43
E02005323,14
E02005324,19
E02005325,28
E02005326,46
E02005327,15
E02005328,19
E02005329,19
E02005330,25
E02005331,37
E02005332,19
E02005334,11
E02005335,31
E02005336,5
E02005337,23
E02005338,27
E02005339,12
E02005340,24
E02005341,15
E02005342,6
E02005343,6
E02005344,33
E02005345,15
E02005346,24
E02005347,24
E02005348,13
E02005349,19
E02005350,15
E02005351,8
E02005352,12
E02005353,12
E02005354,10
E02005355,8
E02005356,13
E02005357,13
E02005358,20
E02005359,13
E02005360,8
E02005361,8
E02005362,15
E02005363,30
E02005364,4
E02005365,22
E02005366,17
E02005368,6
E02005369,34
E02005370,8
E02005371,7
E02005372,12
E02005373,13
E02005374,10
E02005375,29
E02005376,16
E02005377,16
E02005378,3
E02005379,9
E02005380,11
E02005381,19
E02005382,19
E02005383,29
E02005384,20
E02005385,11
E02005386,26
E02005387,9
E02005388,5
E02005389,18
E02005390,12
E02005391,12
E02005392,17
E02005393,15
E02005394,21
E02005395,7
E02005396,19
E02005397,17
E02005398,8
E02005399,12
E02005400,7
E02005401,6
E02005402,18
E02005403,12
E02005404,23
E02005405,14
E02005406,21
E02005407,18
E02005408,18
E02005409,37
E02005412,26
E02005414,29
E02005415,26
E02005416,14
E02005417,11
E02005418,10
E02005419,24
E02005420,26
E02005422,13
E02005423,20
E02005424,11
E02005425,3
E02005426,18
E02005427,3
E02005428,25
E02005429,15
E02005430,8
E02005431,23
E02005432,19
E02005433,29
E02005434,20
E02005435,22
E02005436,24
E02005437,13
E02005438,30
E02005439,28
E02005440,12
E02005441,16
E02005442,15
E02005443,14
E02005444,18
E02005445,13
E02005446,5
E02005447,17
E02005448,18
E02005449,16
E02005450,8
E02005451,15
E02005452,25
E02005453,22
E02005455,21
E02005456,17
E02005457,12
E02005458,15
E02005459,13
E02005460,4
E02005461,15
E02005462,12
E02005463,8
E02005464,27
E02005465,21
E02005466,12
E02005467,9
E02005468,11
E02005469,12
E02005470,22
E02005471,14
E02005472,32
E02005473,33
E02005474,7
E02005475,4
E02005476,9
E02005477,15
E02005478,33
E02005479,26
E02005480,7
E02005481,24
E02005482,7
E02005483,12
E02005484,12
E02005485,17
E02005486,23
E02005487,26
E02005488,8
E02005489,12
E02005490,29
E02005491,11
E02005492,16
E02005493,18
E02005494,16
E02005495,21
E02005496,8
E02005497,17
E02005498,15
E02005499,12
E02005500,9
E02005501,10
E02005502,19
E02005503,15
E02005504,27
E02005505,27
E02005506,33
E02005507,20
E02005508,9
E02005509,43
E02005510,12
E02005511,21
E02005512,17
E02005513,9
E02005514,18
E02005515,10
E02005516,4
E02005517,4
E02005518,17
E02005519,9
E02005520,29
E02005521,5
E02005522,9
E02005523,25
E02005524,11
E02005525,38
E02005526,15
E02005527,14
E02005528,14
E02005529,19
E02005530,11
E02005531,11
E02005532,17
E02005533,38
E02005534,11
E02005535,16
E02005536,13
E02005537,13
E02005538,23
E02005539,11
E02005540,32
E02005541,8
E02005542,12
E02005543,11
E02005544,10
E02005545,15
E02005546,19
E02005547,13
E02005548,19
E02005549,15
E02005550,19
E02005551,25
E02005552,13
E02005553,39
E02005554,17
E02005555,20
E02005556,22
E02005557,20
E02005558,14
E02005559,23
E02005560,16
E02005561,22
E02005562,14
E02005563,18
E02005564,19
E02005565,15
E02005566,18
E02005567,50
E02005568,11
E02005569,13
E02005570,9
E02005571,19
E02005572,23
E02005573,8
E02005574,9
E02005575,8
E02005576,15
E02005577,2
E02005578,6
E02005579,32
E02005580,29
E02005581,2
E02005582,13
E02005583,10
E02005584,10
E02005585,7
E02005586,8
E02005587,36
E02005588,25
E02005589,10
E02005590,11
E02005592,17
E02005593,11
E02005594,17
E02005595,18
E02005596,22
E02005597,10
E02005598,24
E02005599,4
E02005600,9
E02005601,12
E02005602,16
E02005603,17
E02005604,8
E02005605,11
E02005606,5
E02005607,19
E02005608,27
E02005609,12
E02005610,11
E02005611,32
E02005612,17
E02005613,22
E02005614,17
E02005615,23
E02005616,14
E02005617,15
E02005619,4
E02005620,18
E02005621,17
E02005622,4
E02005623,19
E02005624,14
E02005625,23
E02005626,9
E02005627,12
E02005628,16
E02005629,9
E02005630,27
E02005631,13
E02005632,27
E02005633,20
E02005634,24
E02005635,18
E02005636,16
E02005637,19
E02005638,20
E02005639,8
E02005640,28
E02005641,23
E02005642,15
E02005643,8
E02005644,14
E02005645,42
E02005646,11
E02005647,17
E02005648,14
E02005649,18
E02005650,18
E02005651,15
E02005652,29
E02005653,21
E02005654,13
E02005655,14
E02005656,13
E02005657,14
E02005658,7
E02005659,27
E02005660,13
E02005661,12
E02005662,17
E02005663,10
E02005664,45
E02005665,8
E02005666,14
E02005667,31
E02005668,28
E02005669,22
E02005670,8
E02005671,11
E02005672,7
E02005673,19
E02005674,46
E02005675,8
E02005676,9
E02005677,12
E02005678,11
E02005679,12
E02005680,17
E02005681,24
E02005682,7
E02005683,22
E02005684,9
E02005685,17
E02005686,12
E02005687,7
E02005688,16
E02005689,8
E02005690,1
E02005691,6
E02005692,10
E02005693,9
E02005694,8
E02005695,16
E02005696,13
E02005697,34
E02005698,9
E02005699,9
E02005700,23
E02005701,20
E02005702,17
E02005703,23
E02005704,22
E02005705,5
E02005706,14
E02005707,12
E02005708,18
E02005709,28
E02005710,25
E02005711,14
E02005712,6
E02005713,6
E02005714,3
E02005715,45
E02005716,33
E02005717,17
E02005718,17
E02005719,15
E02005720,15
E02005721,11
E02005722,12
E02005723,13
E02005724,11
E02005725,11
E02005726,3
E02005727,6
E02005728,20
E02005729,6
E02005730,50
E02005731,19
E02005732,26
E02005733,11
E02005734,16
E02005735,27
E02005736,28
E02005737,19
E02005738,1
E02005739,35
E02005740,19
E02005741,21
E02005742,10
E02005743,10
E02005744,10
E02005745,8
E02005746,9
E02005747,14
E02005748,11
E02005749,52
E02005750,19
E02005751,9
E02005752,10
E02005753,40
E02005754,24
E02005755,12
E02005756,3
E02005757,17
E02005758,14
E02005759,9
E02005760,2
E02005761,7
E02005762,7
E02005763,2
E02005764,18
E02005765,21
E02005766,4
E02005767,20
E02005768,8
E02005769,10
E02005770,6
E02005771,11
E02005772,6
E02005773,12
E02005774,33
E02005775,30
E02005776,12
E02005777,19
E02005778,10
E02005779,19
E02005780,13
E02005781,16
E02005782,12
E02005783,17
E02005784,18
E02005785,24
E02005786,3
E02005787,8
E02005788,9
E02005789,9
E02005790,7
E02005791,8
E02005794,8
E02005795,20
E02005796,6
E02005797,10
E02005798,13
E02005799,17
E02005800,12
E02005801,7
E02005802,11
E02005803,20
E02005804,30
E02005805,8
E02005806,5
E02005807,10
E02005808,19
E02005809,7
E02005810,5
E02005811,15
E02005812,5
E02005813,22
E02005814,12
E02005815,7
E02005816,21
E02005817,10
E02005818,15
E02005819,13
E02005820,17
E02005821,11
E02005822,36
E02005823,43
E02005824,24
E02005825,21
E02005826,26
E02005827,29
E02005828,17
E02005829,41
E02005830,13
E02005831,14
E02005832,27
E02005833,16
E02005834,30
E02005835,31
E02005836,13
E02005837,10
E02005838,14
E02005839,15
E02005840,8
E02005842,10
E02005843,13
E02005844,12
E02005846,16
E02005847,12
E02005848,16
E02005849,11
E02005850,36
E02005851,21
E02005852,11
E02005853,10
E02005856,19
E02005857,10
E02005858,5
E02005859,14
E02005860,40
E02005861,10
E02005862,26
E02005863,12
E02005864,13
E02005865,12
E02005866,14
E02005868,18
E02005869,21
E02005870,15
E02005871,18
E02005872,26
E02005873,35
E02005874,7
E02005875,25
E02005876,36
E02005877,17
E02005878,21
E02005879,8
E02005880,12
E02005881,16
E02005882,21
E02005883,19
E02005884,22
E02005885,19
E02005886,45
E02005887,42
E02005888,18
E02005889,37
E02005890,9
E02005891,13
E02005892,22
E02005893,15
E02005894,33
E02005895,7
E02005896,10
E02005897,21
E02005898,23
E02005899,21
E02005900,15
E02005901,11
E02005902,14
E02005903,11
E02005904,21
E02005905,21
E02005906,9
E02005907,17
E02005908,19
E02005909,12
E02005910,8
E02005911,13
E02005912,17
E02005913,11
E02005914,21
E02005915,10
E02005916,26
E02005917,8
E02005918,9
E02005919,9
E02005920,14
E02005921,10
E02005922,9
E02005923,11
E02005924,20
E02005925,18
E02005926,21
E02005927,9
E02005928,9
E02005929,4
E02005930,9
E02005931,27
E02005932,1
E02005933,11
E02005934,8
E02005935,6
E02005936,12
E02005937,21
E02005938,15
E02005939,10
E02005940,6
E02005941,7
E02005942,2
E02005943,13
E02005944,13
E02005945,11
E02005946,4
E02005947,2
E02005948,4
E02005949,18
E02005950,6
E02005951,2
E02005952,11
E02005953,6
E02005954,22
E02005955,17
E02005956,13
E02005957,18
E02005958,2
E02005959,6
E02005960,13
E02005961,4
E02005962,21
E02005963,14
E02005964,8
E02005965,12
E02005966,1
E02005967,7
E02005968,10
E02005969,9
E02005970,5
E02005971,11
E02005972,11
E02005973,27
E02005974,16
E02005975,4
E02005976,8
E02005977,15
E02005978,28
E02005979,14
E02005980,19
E02005981,5
E02005982,1
E02005983,29
E02005984,3
E02005985,6
E02005986,22
E02005987,5
E02005988,6
E02005991,21
E02005992,8
E02005993,26
E02005994,15
E02005995,10
E02005996,5
E02005997,6
E02005998,5
E02005999,8
E02006000,31
E02006001,7
E02006002,13
E02006003,0
E02006004,17
E02006005,13
E02006006,9
E02006007,14
E02006008,21
E02006009,19
E02006010,13
E02006011,10
E02006012,14
E02006013,12
E02006014,28
E02006015,35
E02006016,13
E02006017,6
E02006018,22
E02006019,18
E02006020,6
E02006021,7
E02006022,8
E02006023,22
E02006024,22
E02006025,10
E02006026,8
E02006027,11
E02006028,13
E02006029,11
E02006030,21
E02006031,18
E02006032,9
E02006033,22
E02006034,12
E02006035,10
E02006036,11
E02006037,11
E02006038,9
E02006039,14
E02006040,8
E02006041,13
E02006042,14
E02006043,7
E02006044,7
E02006045,13
E02006046,11
E02006047,6
E02006048,3
E02006049,4
E02006050,5
E02006051,16
E02006052,41
E02006053,11
E02006054,15
E02006055,8
E02006056,14
E02006057,7
E02006058,21
E02006059,4
E02006060,14
E02006061,14
E02006062,13
E02006063,4
E02006064,35
E02006065,13
E02006066,10
E02006067,5
E02006068,7
E02006069,12
E02006070,16
E02006071,10
E02006072,12
E02006073,17
E02006074,9
E02006075,7
E02006076,7
E02006077,6
E02006078,4
E02006079,10
E02006080,7
E02006081,9
E02006082,2
E02006083,11
E02006084,3
E02006085,5
E02006086,6
E02006087,8
E02006088,3
E02006089,10
E02006090,10
E02006091,6
E02006092,3
E02006093,13
E02006094,1
E02006095,9
E02006096,5
E02006097,10
E02006098,7
E02006099,4
E02006100,5
E02006101,3
E02006102,6
E02006103,8
E02006104,5
E02006105,9
E02006106,9
E02006107,23
E02006108,17
E02006109,6
E02006110,8
E02006111,39
E02006112,39
E02006113,8
E02006114,10
E02006115,7
E02006116,7
E02006117,0
E02006118,18
E02006119,28
E02006120,24
E02006121,12
E02006122,18
E02006123,26
E02006124,23
E02006125,7
E02006126,34
E02006127,16
E02006128,22
E02006129,18
E02006130,19
E02006131,29
E02006132,15
E02006133,13
E02006134,42
E02006135,27
E02006136,33
E02006137,39
E02006138,17
E02006139,25
E02006140,30
E02006141,31
E02006142,19
E02006143,27
E02006144,23
E02006145,20
E02006146,20
E02006147,27
E02006148,8
E02006149,34
E02006150,41
E02006151,20
E02006152,17
E02006153,30
E02006154,32
E02006155,11
E02006156,29
E02006157,12
E02006158,16
E02006159,25
E02006160,14
E02006161,23
E02006162,19
E02006163,42
E02006164,26
E02006165,23
E02006166,23
E02006167,33
E02006168,41
E02006169,10
E02006170,8
E02006171,17
E02006172,17
E02006173,13
E02006174,13
E02006175,16
E02006176,11
E02006177,16
E02006178,16
E02006179,19
E02006180,37
E02006181,9
E02006182,23
E02006183,10
E02006184,11
E02006185,17
E02006186,41
E02006187,12
E02006188,22
E02006189,26
E02006190,31
E02006191,20
E02006192,15
E02006193,12
E02006194,35
E02006195,19
E02006196,4
E02006197,29
E02006198,25
E02006199,31
E02006200,9
E02006201,17
E02006202,15
E02006203,10
E02006204,22
E02006205,14
E02006206,22
E02006207,24
E02006208,22
E02006209,56
E02006210,10
E02006211,17
E02006212,34
E02006213,9
E02006214,9
E02006215,19
E02006216,10
E02006217,32
E02006218,35
E02006219,12
E02006220,21
E02006221,9
E02006222,17
E02006223,17
E02006224,10
E02006225,23
E02006226,17
E02006227,12
E02006228,6
E02006229,12
E02006230,63
E02006231,18
E02006232,5
E02006233,21
E02006234,8
E02006235,21
E02006236,23
E02006237,15
E02006238,18
E02006239,5
E02006240,4
E02006241,14
E02006242,12
E02006243,5
E02006245,13
E02006246,23
E02006247,15
E02006248,23
E02006249,22
E02006250,20
E02006251,13
E02006252,26
E02006253,15
E02006254,21
E02006255,15
E02006256,36
E02006257,14
E02006258,30
E02006259,16
E02006260,17
E02006261,18
E02006262,5
E02006263,14
E02006264,7
E02006265,13
E02006266,13
E02006267,14
E02006268,18
E02006269,21
E02006270,18
E02006271,14
E02006272,22
E02006273,6
E02006274,6
E02006275,2
E02006276,13
E02006277,1
E02006278,14
E02006279,15
E02006280,11
E02006281,15
E02006282,4
E02006283,7
E02006284,3
E02006285,4
E02006286,15
E02006287,17
E02006288,7
E02006289,12
E02006290,14
E02006291,9
E02006292,11
E02006293,15
E02006294,24
E02006295,16
E02006296,23
E02006297,18
E02006298,20
E02006299,39
E02006300,12
E02006301,16
E02006302,13
E02006303,17
E02006304,19
E02006305,19
E02006306,17
E02006307,14
E02006308,16
E02006309,21
E02006310,6
E02006311,27
E02006312,18
E02006313,20
E02006314,17
E02006315,10
E02006316,15
E02006317,10
E02006318,12
E02006319,20
E02006320,6
E02006321,23
E02006322,10
E02006323,9
E02006324,17
E02006325,6
E02006326,12
E02006327,16
E02006328,12
E02006329,11
E02006330,14
E02006331,11
E02006332,30
E02006333,28
E02006334,19
E02006335,21
E02006336,7
E02006337,19
E02006338,17
E02006339,28
E02006341,35
E02006342,26
E02006343,20
E02006344,13
E02006345,11
E02006346,20
E02006347,11
E02006348,26
E02006349,20
E02006350,6
E02006351,7
E02006352,5
E02006353,14
E02006354,10
E02006355,7
E02006356,10
E02006357,14
E02006358,15
E02006359,7
E02006360,18
E02006361,6
E02006362,15
E02006363,22
E02006364,10
E02006365,24
E02006366,12
E02006367,17
E02006368,21
E02006369,25
E02006370,13
E02006371,28
E02006372,28
E02006373,15
E02006374,9
E02006375,19
E02006376,52
E02006377,17
E02006378,20
E02006379,14
E02006380,22
E02006381,28
E02006382,17
E02006383,51
E02006384,22
E02006385,20
E02006386,15
E02006387,12
E02006388,11
E02006389,11
E02006390,20
E02006391,10
E02006392,38
E02006393,7
E02006394,13
E02006395,11
E02006396,17
E02006397,15
E02006398,12
E02006399,10
E02006400,19
E02006401,31
E02006402,20
E02006403,11
E02006404,20
E02006405,15
E02006406,11
E02006407,18
E02006408,9
E02006409,12
E02006410,18
E02006411,24
E02006412,15
E02006413,22
E02006414,15
E02006415,14
E02006416,17
E02006417,19
E02006418,25
E02006419,27
E02006420,25
E02006421,13
E02006422,5
E02006423,53
E02006424,4
E02006425,11
E02006426,9
E02006427,20
E02006429,6
E02006430,26
E02006431,19
E02006432,16
E02006433,32
E02006434,16
E02006435,11
E02006436,13
E02006437,25
E02006438,22
E02006439,3
E02006440,4
E02006441,33
E02006442,5
E02006443,27
E02006444,13
E02006445,18
E02006446,20
E02006447,8
E02006448,3
E02006449,15
E02006450,18
E02006451,23
E02006453,22
E02006454,15
E02006455,40
E02006456,15
E02006457,24
E02006458,18
E02006459,19
E02006460,9
E02006461,13
E02006462,14
E02006463,23
E02006464,13
E02006465,11
E02006466,21
E02006467,6
E02006468,17
E02006469,26
E02006470,35
E02006471,16
E02006472,18
E02006473,25
E02006474,13
E02006475,11
E02006476,12
E02006477,12
E02006478,8
E02006479,20
E02006480,17
E02006481,20
E02006482,4
E02006483,32
E02006484,22
E02006485,10
E02006486,21
E02006487,19
E02006488,21
E02006489,10
E02006490,18
E02006492,20
E02006493,8
E02006494,20
E02006495,12
E02006496,8
E02006497,5
E02006498,10
E02006499,3
E02006500,18
E02006501,16
E02006502,38
E02006503,15
E02006504,17
E02006505,22
E02006506,18
E02006507,25
E02006508,12
E02006509,14
E02006510,14
E02006511,12
E02006512,34
E02006513,17
E02006514,17
E02006515,18
E02006516,20
E02006517,10
E02006518,20
E02006519,19
E02006520,14
E02006521,14
E02006522,4
E02006523,17
E02006524,16
E02006525,27
E02006526,12
E02006527,28
E02006528,15
E02006529,24
E02006530,15
E02006531,12
E02006532,8
E02006533,17
E02006534,18
E02006535,10
E02006536,10
E02006537,9
E02006538,7
E02006539,8
E02006540,8
E02006541,17
E02006542,6
E02006543,11
E02006544,45
E02006545,9
E02006546,26
E02006547,28
E02006548,19
E02006549,10
E02006550,15
E02006551,19
E02006552,27
E02006553,8
E02006554,15
E02006555,6
E02006556,23
E02006557,6
E02006558,22
E02006559,13
E02006560,12
E02006561,24
E02006562,5
E02006563,3
E02006564,14
E02006565,34
E02006566,22
E02006567,10
E02006568,22
E02006569,57
E02006570,19
E02006571,16
E02006572,9
E02006573,33
E02006574,20
E02006575,15
E02006576,12
E02006577,17
E02006578,15
E02006579,18
E02006580,30
E02006581,20
E02006582,10
E02006583,20
E02006584,10
E02006585,16
E02006586,7
E02006587,10
E02006588,19
E02006589,19
E02006590,12
E02006591,24
E02006592,11
E02006593,31
E02006594,12
E02006595,10
E02006596,8
E02006597,9
E02006598,7
E02006599,11
E02006600,21
E02006601,12
E02006602,8
E02006603,11
E02006604,28
E02006605,17
E02006606,16
E02006607,32
E02006608,9
E02006609,6
E02006610,27
E02006611,24
E02006612,67
E02006613,10
E02006614,9
E02006615,5
E02006616,13
E02006617,17
E02006618,13
E02006619,14
E02006620,12
E02006621,12
E02006622,8
E02006623,16
E02006624,10
E02006625,7
E02006626,12
E02006627,12
E02006628,17
E02006629,12
E02006630,50
E02006631,23
E02006632,13
E02006633,16
E02006634,21
E02006635,24
E02006636,5
E02006637,11
E02006638,5
E02006639,8
E02006640,9
E02006641,26
E02006642,4
E02006643,6
E02006644,11
E02006645,13
E02006646,32
E02006647,7
E02006648,13
E02006649,30
E02006650,23
E02006651,5
E02006652,12
E02006653,4
E02006654,17
E02006655,25
E02006656,4
E02006657,10
E02006658,14
E02006659,7
E02006660,13
E02006661,3
E02006662,6
E02006663,35
E02006664,8
E02006665,11
E02006666,12
E02006667,5
E02006668,26
E02006669,20
E02006670,24
E02006671,18
E02006672,11
E02006673,12
E02006674,16
E02006675,7
E02006676,8
E02006677,14
E02006678,10
E02006679,12
E02006680,15
E02006681,6
E02006682,8
E02006683,9
E02006684,20
E02006685,5
E02006686,3
E02006687,3
E02006688,6
E02006689,6
E02006690,11
E02006691,24
E02006692,6
E02006693,7
E02006694,21
E02006695,6
E02006696,12
E02006697,24
E02006698,18
E02006699,15
E02006700,24
E02006701,7
E02006702,18
E02006703,23
E02006704,19
E02006705,24
E02006706,41
E02006707,5
E02006708,12
E02006709,5
E02006710,10
E02006711,12
E02006712,18
E02006713,12
E02006714,12
E02006715,5
E02006716,5
E02006717,8
E02006718,12
E02006719,17
E02006720,19
E02006721,11
E02006722,5
E02006723,20
E02006724,14
E02006725,16
E02006726,13
E02006727,16
E02006728,24
E02006729,11
E02006730,10
E02006731,15
E02006732,13
E02006733,4
E02006734,22
E02006735,8
E02006736,5
E02006737,9
E02006738,11
E02006739,16
E02006740,6
E02006741,30
E02006742,12
E02006743,10
E02006744,7
E02006745,19
E02006746,16
E02006747,4
E02006748,10
E02006749,5
E02006750,18
E02006751,15
E02006752,5
E02006753,8
E02006754,6
E02006755,10
E02006756,11
E02006757,22
E02006758,8
E02006759,17
E02006760,19
E02006761,14
E02006762,15
E02006763,20
E02006764,15
E02006765,18
E02006766,12
E02006767,17
E02006768,16
E02006769,16
E02006770,16
E02006771,13
E02006772,21
E02006773,38
E02006774,17
E02006775,20
E02006776,25
E02006777,11
E02006778,13
E02006779,15
E02006780,11
E02006781,0
E02006782,26
E02006783,16
E02006784,16
E02006785,12
E02006786,15
E02006787,8
E02006788,12
E02006789,23
E02006790,24
E02006791,11
E02006792,17
E02006793,22
E02006794,19
E02006795,22
E02006796,19
E02006798,25
E02006799,29
E02006800,39
E02006801,9
E02006802,12
E02006803,5
E02006804,23
E02006805,16
E02006806,17
E02006807,10
E02006808,15
E02006809,34
E02006810,27
E02006811,23
E02006812,15
E02006813,18
E02006814,19
E02006815,53
E02006816,16
E02006817,11
E02006818,28
E02006819,12
E02006820,15
E02006821,10
E02006822,24
E02006823,12
E02006824,10
E02006825,6
E02006826,6
E02006827,14
E02006828,11
E02006829,26
E02006830,6
E02006831,14
E02006832,10
E02006833,27
E02006834,23
E02006835,17
E02006836,34
E02006837,46
E02006838,7
E02006839,33
E02006840,11
E02006841,25
E02006842,20
E02006843,2
E02006844,1
E02006845,18
E02006846,0
E02006847,15
E02006848,6
E02006849,6
E02006850,14
E02006851,4
E02006852,10
E02006853,9
E02006854,3
E02006855,15
E02006856,23
E02006857,28
E02006858,10
E02006859,6
E02006860,36
E02006861,29
E02006862,12
E02006863,4
E02006864,15
E02006865,38
E02006866,17
E02006867,12
E02006868,22
E02006869,44
E02006870,26
E02006871,24
E02006872,33
E02006873,2
E02006874,8
E02006875,0
E02006876,21
E02006877,14
E02006878,17
E02006879,17
E02006880,31
E02006881,38
E02006882,35
E02006883,28
E02006884,24
E02006885,25
E02006886,20
E02006887,4
E02006888,10
E02006889,13
E02006890,7
E02006891,27
E02006892,18
E02006893,20
E02006894,39
E02006895,15
E02006896,7
E02006897,8
E02006898,4
E02006899,3
E02006900,37
E02006901,24
E02006902,1
E02006903,33
E02006904,4
E02006905,12
E02006906,34
E02006907,3
E02006908,5
E02006909,31
E02006910,25
E02006911,38
E02006912,3
E02006913,6
E02006914,2
E02006915,11
E02006916,7
E02006917,0
E02006918,14
E02006919,24
E02006920,17
E02006921,13
E02006922,43
E02006924,49
E02006925,42
E02006926,7
E02006927,31
E02006928,3
E02006929,15
E02006930,6
E02006931,13
E02006932,2
E02006933,11
E02006934,3
W02000001,7
W02000002,8
W02000003,11
W02000004,7
W02000005,5
W02000006,15
W02000007,5
W02000008,14
W02000009,9
W02000010,1
W02000011,10
W02000012,4
W02000013,11
W02000014,12
W02000015,7
W02000016,4
W02000017,7
W02000018,5
W02000019,4
W02000020,6
W02000021,12
W02000022,7
W02000023,6
W02000024,5
W02000025,3
W02000026,8
W02000027,11
W02000028,11
W02000029,15
W02000030,7
W02000031,16
W02000032,12
W02000033,8
W02000034,10
W02000035,10
W02000036,16
W02000037,0
W02000038,5
W02000039,9
W02000040,6
W02000041,10
W02000042,20
W02000043,16
W02000044,13
W02000045,31
W02000047,1
W02000049,7
W02000050,7
W02000051,6
W02000052,6
W02000053,13
W02000054,9
W02000055,6
W02000056,6
W02000057,35
W02000058,13
W02000059,13
W02000060,24
W02000061,20
W02000062,16
W02000063,7
W02000064,16
W02000065,14
W02000066,21
W02000067,12
W02000068,15
W02000069,18
W02000070,16
W02000071,20
W02000072,28
W02000073,25
W02000074,21
W02000075,13
W02000076,14
W02000077,11
W02000080,10
W02000081,32
W02000082,15
W02000083,19
W02000084,15
W02000085,34
W02000086,13
W02000087,21
W02000088,27
W02000089,11
W02000090,8
W02000091,11
W02000092,9
W02000093,7
W02000094,17
W02000095,8
W02000096,19
W02000097,13
W02000098,10
W02000099,13
W02000100,2
W02000101,7
W02000102,10
W02000103,3
W02000104,12
W02000105,11
W02000106,7
W02000107,12
W02000108,23
W02000109,13
W02000110,6
W02000111,8
W02000113,16
W02000114,7
W02000116,1
W02000117,2
W02000118,2
W02000120,10
W02000122,6
W02000123,9
W02000124,20
W02000125,14
W02000126,5
W02000127,14
W02000128,9
W02000129,9
W02000130,7
W02000131,8
W02000132,5
W02000133,9
W02000134,13
W02000135,10
W02000136,13
W02000137,9
W02000138,11
W02000139,6
W02000140,9
W02000141,11
W02000142,18
W02000143,17
W02000144,14
W02000145,9
W02000146,9
W02000147,11
W02000148,8
W02000149,23
W02000151,4
W02000152,36
W02000153,24
W02000154,12
W02000156,27
W02000157,20
W02000158,4
W02000159,6
W02000160,15
W02000161,12
W02000162,16
W02000163,8
W02000164,24
W02000165,39
W02000166,18
W02000167,17
W02000168,28
W02000169,19
W02000170,18
W02000171,12
W02000172,27
W02000173,15
W02000174,22
W02000175,34
W02000176,32
W02000177,14
W02000178,13
W02000179,29
W02000180,11
W02000181,34
W02000182,16
W02000183,19
W02000184,10
W02000185,6
W02000186,11
W02000187,8
W02000188,11
W02000189,21
W02000190,5
W02000191,26
W02000192,18
W02000193,15
W02000194,10
W02000195,11
W02000196,21
W02000197,14
W02000198,21
W02000200,14
W02000201,12
W02000202,41
W02000203,24
W02000204,15
W02000205,18
W02000206,30
W02000207,17
W02000208,25
W02000209,14
W02000210,10
W02000211,20
W02000212,20
W02000213,19
W02000214,52
W02000215,13
W02000216,41
W02000217,8
W02000218,20
W02000219,19
W02000220,22
W02000221,15
W02000222,29
W02000223,22
W02000224,12
W02000225,26
W02000226,36
W02000227,26
W02000228,21
W02000229,23
W02000230,23
W02000231,16
W02000232,26
W02000233,9
W02000234,24
W02000235,45
W02000236,21
W02000237,6
W02000238,13
W02000239,5
W02000240,30
W02000241,32
W02000242,12
W02000243,18
W02000244,25
W02000245,20
W02000246,10
W02000247,16
W02000248,22
W02000249,26
W02000250,21
W02000251,21
W02000252,15
W02000253,23
W02000254,27
W02000255,18
W02000256,29
W02000257,25
W02000258,30
W02000259,28
W02000260,20
W02000261,22
W02000262,20
W02000263,14
W02000264,19
W02000265,40
W02000266,15
W02000267,29
W02000268,48
W02000269,34
W02000270,23
W02000271,19
W02000272,41
W02000273,11
W02000274,57
W02000275,28
W02000276,24
W02000277,36
W02000278,18
W02000279,19
W02000280,19
W02000281,16
W02000282,17
W02000284,33
W02000285,24
W02000286,17
W02000287,25
W02000288,34
W02000289,29
W02000290,35
W02000291,19
W02000292,19
W02000293,15
W02000294,19
W02000295,25
W02000296,17
W02000297,11
W02000298,15
W02000299,12
W02000300,11
W02000301,25
W02000302,19
W02000303,12
W02000304,13
W02000305,7
W02000306,15
W02000307,7
W02000308,23
W02000309,23
W02000310,2
W02000311,21
W02000312,18
W02000313,25
W02000314,16
W02000315,27
W02000316,20
W02000317,16
W02000318,21
W02000319,25
W02000320,15
W02000321,34
W02000322,25
W02000323,17
W02000324,15
W02000325,27
W02000326,27
W02000327,9
W02000328,24
W02000329,21
W02000330,26
W02000331,15
W02000332,18
W02000333,8
W02000334,12
W02000335,20
W02000336,22
W02000337,16
W02000338,18
W02000339,31
W02000340,7
W02000341,9
W02000342,30
W02000343,21
W02000344,10
W02000345,13
W02000346,11
W02000347,17
W02000348,22
W02000349,22
W02000350,15
W02000351,12
W02000352,7
W02000353,7
W02000354,11
W02000355,32
W02000356,17
W02000357,16
W02000358,17
W02000359,24
W02000360,16
W02000361,18
W02000362,9
W02000363,17
W02000364,34
W02000365,8
W02000366,23
W02000367,15
W02000368,3
W02000369,6
W02000370,18
W02000371,31
W02000372,14
W02000373,20
W02000374,11
W02000375,22
W02000376,16
W02000377,27
W02000378,21
W02000379,12
W02000380,14
W02000381,20
W02000382,29
W02000383,14
W02000384,5
W02000385,18
W02000386,30
W02000387,16
W02000388,14
W02000389,26
W02000390,17
W02000391,6
W02000392,29
W02000393,16
W02000394,15
W02000395,9
W02000396,9
W02000397,18
W02000398,9
W02000399,15
W02000400,13
W02000401,7
W02000402,17
W02000403,9
W02000404,13
W02000405,7
W02000406,33
W02000407,18
W02000408,10
W02000409,10
W02000410,13
W02000411,27
W02000412,25
W02000414,11
W02000415,30
W02000416,43
W02000417,22
W02000418,23
W02000419,17
W02000420,45
W02000421,15
W02000422,2
W02000423,31
,
Source: Office for National Statistics - Monthly mortality analysis,
