MSOA_Code,MSOA_Name,0_15(%),16_29(%),30_44(%),45_64(%),65+(%),Density,Couple_household_1(%),Couple_household_2(%),Lone_parent_household(%),One_person_household(%),White(%),Asian(%),Black(%), no_English 
E02000001,City of London 001,8.41,22.58,27.73,27.25,14.03,26.2,7,21.1,3.5,56.4,78.6,12.7,2.6,12.8
E02000002,Barking and Dagenham 001,25.85,18.85,20.49,18.57,16.25,31.7,18.1,13.5,22,30,65,12.1,16.7,9.4
E02000003,Barking and Dagenham 002,22.37,19.5,22.9,22.49,12.74,47.7,20.2,19,15.4,27.1,54.6,22.7,16.1,10.5
E02000004,Barking and Dagenham 003,19.35,20.66,18.67,24.96,16.37,25.3,21.9,22.6,13.9,26.3,81,5.1,10.5,4.5
E02000005,Barking and Dagenham 004,25.69,18.59,23.3,21.36,11.05,72.9,21.7,18.3,18.6,25.4,66.3,12.3,16.9,9.9
E02000007,Barking and Dagenham 006,27.16,20.08,21.24,19.75,11.77,52.3,18.7,14.2,22.6,30.9,67.2,6,22.7,9.4
E02000008,Barking and Dagenham 007,25.43,18.83,23.01,20.78,11.95,81.9,20.3,15.2,19.8,30.5,69.6,7.6,17.4,9.5
E02000009,Barking and Dagenham 008,24.56,20.88,24.37,20.76,9.42,92.3,19.6,16,20.8,27.9,61.2,14.5,18.8,13.1
E02000010,Barking and Dagenham 009,27.1,19,23.3,20.29,10.31,79,21.1,15.6,21.3,27.4,69.2,7.4,19,10
E02000011,Barking and Dagenham 010,22.42,19.19,20.62,24.2,13.58,39.6,20.4,20.8,15.6,25.1,66.4,11,18.5,10
E02000012,Barking and Dagenham 011,23.3,22.31,21.15,21.4,11.84,77.3,24.2,18.7,11.2,24.3,43.9,39.9,9.8,13.8
E02000013,Barking and Dagenham 012,27.96,18,23.36,20.23,10.45,64.9,21.7,16.1,19.9,27.5,68.9,7.8,17.8,10.8
E02000014,Barking and Dagenham 013,26.08,19.21,21.97,21.7,11.04,79.6,21.2,16.9,19.9,26.3,70.5,6.7,17.5,10.5
E02000015,Barking and Dagenham 014,26.15,21.16,23.01,19.67,10.01,56.3,16.8,13.9,20.6,36,63.3,5.7,25.3,9.8
E02000016,Barking and Dagenham 015,26.77,29.35,29.06,11.74,3.07,92.8,20.9,15.4,16.3,27.4,29.6,34.9,27,31.6
E02000017,Barking and Dagenham 016,21.91,26.54,24.25,18.7,8.6,99.6,21.2,16,11.1,21.8,31.3,50.4,12.5,26.4
E02000018,Barking and Dagenham 017,28.02,20.15,23.63,19.04,9.16,66.5,21.6,14.7,21.6,26.6,64.1,9.7,19.9,13.7
E02000019,Barking and Dagenham 018,27.09,18.77,25.06,19.86,9.22,28,23.7,17,19.8,24,63.9,9,22.1,11.7
E02000020,Barking and Dagenham 019,26.42,20.29,24.21,18.51,10.56,28.3,21,13.1,18.6,28.4,46.4,25,21.7,19.8
E02000021,Barking and Dagenham 020,26.25,19.28,22.29,21.86,10.31,28.5,20.5,17.3,19.8,26.6,57.5,9.1,28.1,13.2
E02000022,Barking and Dagenham 021,33.59,20.68,28.16,13.41,4.16,119.6,21.5,10.9,24.9,28.2,38.2,16.9,35.9,28.7
E02000023,Barking and Dagenham 022,31.43,21.29,25.59,15.69,6,37.4,19.7,11.3,23.2,30.1,45.2,12.1,36.1,15.6
E02006799,Barking and Dagenham 023,26.1,19.19,23.6,19.75,11.37,88,22.9,15.4,19.8,26.9,62.1,17,14.8,12.8
E02000024,Barnet 001,18.94,15.43,20.38,28.41,16.84,27.8,23.9,23.2,8.1,29.8,83.4,8.7,2.4,6.9
E02000025,Barnet 002,17.67,17.51,23.99,26.18,14.64,33.6,18.6,20.7,11.5,37.2,78.7,9,4.7,8.6
E02000026,Barnet 003,19.91,15.94,21.27,26.9,15.98,44,24.4,23,8.2,27.5,78.6,11.1,3.8,9.1
E02000027,Barnet 004,22.31,17.99,20.97,24.39,14.34,58.2,21.5,18.8,17.9,27.3,69.7,12.4,9.4,11
E02000028,Barnet 005,18.85,18.16,22.4,25.09,15.5,59.5,21.5,23.6,11.9,25.5,74.9,13.2,4.8,9.5
E02000029,Barnet 006,21.51,17.39,23.98,24.91,12.21,51.3,22.2,20.5,13.5,30,75,10.6,5.9,9.3
E02000030,Barnet 007,19.64,15.53,17.06,28.69,19.08,6.3,23.8,22.6,11,23.2,75,14.5,4,7
E02000031,Barnet 008,18.67,16.7,21.74,24.14,18.74,38.4,24.2,20.9,8.3,27,71.6,15.9,4.8,12.2
E02000032,Barnet 009,20.39,16.04,19.94,27.77,15.86,56.5,28.4,24.7,8.3,19.4,67.7,19.4,3.5,12
E02000033,Barnet 010,20.84,17.97,23.64,24.47,13.08,48.8,21.5,20,14.9,28.2,69,15,6.3,12.5
E02000034,Barnet 011,19.76,17.91,23.15,24.42,14.75,55.7,21.2,21.3,12.9,28.2,70.7,15.4,5.6,14.9
E02000035,Barnet 012,17.33,17.97,26.43,21.93,16.35,62.8,19.6,21.5,8.6,34.1,63.9,21.8,4.3,19.5
E02000036,Barnet 013,22.81,18.84,21.79,23.08,13.48,60.6,24.3,19.2,13.8,24.5,58,21.6,12.3,15.1
E02000037,Barnet 014,24.68,17.76,18.57,24.72,14.27,23.2,25.5,23.3,13,20.3,63.5,21.2,7.9,12.4
E02000038,Barnet 015,19.2,20.15,24.8,23.58,12.27,61.6,20.7,20.6,13,28.5,65.5,17.8,7.9,15.2
E02000039,Barnet 016,22.01,16.87,21.5,25.86,13.77,31.6,26.6,21.5,8.9,23.8,70.1,16,6.5,11
E02000040,Barnet 017,23.66,18.55,21.2,22.47,14.12,14,22.6,18.3,14.3,26.2,62.3,17.4,9.8,13.7
E02000041,Barnet 018,21.65,20.55,21.21,22.48,14.1,67.8,21.6,19.4,12.7,24.6,57.2,24.5,9.4,18
E02000042,Barnet 019,17.09,20.27,27.57,20.98,14.1,90.1,18.5,20,8.6,33.5,58,26.4,5.3,22.8
E02000043,Barnet 020,22.19,15.29,25.08,23.87,13.57,53.3,31.1,23.1,7.6,18.8,60.4,28.7,2.6,17.9
E02000044,Barnet 021,24.21,19.68,23.62,22.9,9.6,73.9,21.2,17.8,20,21.6,56.1,19.6,15,18.3
E02000045,Barnet 022,21.18,20.24,27.43,22.16,8.99,60.3,20.3,16.5,16.9,31,64.5,14.5,8.9,17.1
E02000046,Barnet 023,16.34,22.29,30.45,18.9,12.02,74.8,18.6,21.2,8,28.9,62.8,23.4,4,21.7
E02000047,Barnet 024,23.57,21.39,24.58,20.09,10.37,80.9,19.7,16.1,19.1,26,46.1,28,15.7,26.1
E02000048,Barnet 025,21.6,17.87,24.35,22.42,13.77,32.3,24.2,20.7,8.9,27.9,63.9,19.3,6.2,14.7
E02000049,Barnet 026,29.14,20.93,24.26,18.72,6.94,110.3,19.6,12.1,24.4,27,38.5,17.7,29.6,27.7
E02000050,Barnet 027,20.68,20.67,25.29,21.56,11.8,48.5,20.3,19.2,13.2,27.6,62.4,18.8,9.1,15.4
E02000051,Barnet 028,17.73,18.92,23.82,21.76,17.76,60.9,17.2,19.2,7.6,31.7,65.7,18.2,5.3,17.7
E02000052,Barnet 029,17.35,21.72,29.42,19.85,11.66,103,18.8,21.2,9.4,32.1,73.4,11.6,6.2,12.7
E02000053,Barnet 030,17.75,30.68,25.33,18.11,8.13,60.3,17.5,18.2,11.3,31.6,41,36.1,12.6,29.7
E02000054,Barnet 031,18.03,25.02,24.94,21.36,10.66,49,20,17.8,9,29.6,54,25.2,9.1,25.3
E02000055,Barnet 032,17.91,29.06,22.35,17.43,13.25,79.2,17.9,17,9,28.7,61.9,20.9,7,23
E02000056,Barnet 033,21.93,15.63,22.13,23.69,16.62,28.6,25.1,21.5,6.4,24.6,79.7,9.9,2.2,9.8
E02000057,Barnet 034,25.25,25.41,21.45,16.21,11.68,69.2,28,17.9,7.7,21.1,70.4,14.6,4.4,21.1
E02000058,Barnet 035,21.97,18.93,22.94,20.55,15.62,57.8,23.1,19.1,7,30.3,76.8,10.8,3.3,15
E02000059,Barnet 036,19.5,23.54,25.5,20.81,10.65,48.4,17.5,17,13.1,30.6,42.2,36.2,11.2,30.1
E02000060,Barnet 037,28.86,22.54,20.4,15.51,12.69,90.9,27.9,15.9,6.4,26.4,72.6,12.9,3.4,17.7
E02000061,Barnet 038,16.8,23.96,24.95,19.86,14.44,51.8,18,20,6.7,30.4,66.3,18.4,3.2,23.1
E02000062,Barnet 039,21.45,24.87,24.16,19.98,9.53,35.3,17.1,14,17.6,30.1,49.4,22.4,15.4,27.5
E02000063,Barnet 040,21.29,21.66,25.61,20.24,11.2,69,20.6,16.7,12.6,27.4,52.3,19.2,11.1,30
E02000064,Barnet 041,19.38,23.62,25.51,18.92,12.56,81,16.8,14.7,13.7,31.8,60.9,14.7,10.4,25.2
E02000065,Bexley 001,28.78,19.84,25.84,20.34,5.2,24.8,24.8,16.1,17.9,25.8,43.3,7,43.8,11.1
E02000066,Bexley 002,24.97,19.82,22.06,23.65,9.5,61.5,17,15.4,19.9,32.8,52.9,10.6,31.8,10
E02000067,Bexley 003,23.69,19.65,23.94,22.1,10.62,38.8,19.4,17.8,17,32.8,69.6,9.1,16.4,7.7
E02000068,Bexley 004,25.46,21.4,24.09,20.15,8.89,33,19.9,18.4,17.6,32.7,65.3,8.7,21,8.2
E02000069,Bexley 005,20.02,18.49,19.29,24.83,17.37,42.9,17.6,21.3,14.2,29.9,74.4,10,12.2,4.4
E02000070,Bexley 006,18.18,16.47,18.45,28.13,18.77,42.5,21.3,24.8,10,26.4,82.4,8.2,6.6,2.9
E02000071,Bexley 007,21.19,19.12,20.07,26.07,13.55,62.8,22.8,23.7,15.3,23.3,84.9,6.9,5.4,2.7
E02000072,Bexley 008,28.05,19.99,23.9,18.76,9.31,27.3,20.2,15.5,22.3,30.5,71.3,3.7,20.7,5.3
E02000073,Bexley 009,20.69,15.66,19.39,26.84,17.43,66.9,26.6,25.3,9.3,20.5,83.8,8.9,4.7,2.8
E02000074,Bexley 010,21.65,18.47,20.38,24.04,15.47,68.8,18.2,19.8,17.3,32.7,82.1,4.8,10.7,3
E02000075,Bexley 011,16.75,15.41,17.75,29.42,20.67,51.6,22.7,26.5,8.9,23.5,88.4,6.6,2.9,1.7
E02000077,Bexley 013,20.89,17.21,20.29,26.13,15.49,70.6,25.4,24.8,10.9,22.4,82.9,9.7,4.7,3.9
E02000078,Bexley 014,19.11,16.35,20.6,27.88,16.06,52.1,23.3,28.2,9.9,23,90.6,2.9,4.1,1.5
E02000079,Bexley 015,18.36,16.85,20.97,24.41,19.42,47.5,19.8,22.4,10.7,30.4,86.6,7.6,2.7,3.4
E02000080,Bexley 016,18.96,18.23,19.37,26.64,16.8,55.3,22.1,23.8,11.6,25.3,81.5,10.1,4.8,4.3
E02000081,Bexley 017,18.45,16.32,18.69,26.67,19.87,34.1,20.8,23.1,11,30.2,89.6,5.3,3,2
E02000082,Bexley 018,19.12,17.97,19.47,27.74,15.71,60,24.9,25.8,10.3,22.2,87.4,6.7,3.7,2.4
E02000083,Bexley 019,22.32,17.42,22.11,24.11,14.04,26.8,22,21.3,12.9,30.8,87.9,4.4,5.4,2.7
E02000084,Bexley 020,17.98,16.74,18.95,28.46,17.87,40.8,22.6,27.1,9.2,25,87.1,7.2,3.1,2.7
E02000085,Bexley 021,20.03,19.14,19.6,25.31,15.91,49.2,24,23.9,12.4,25.3,90,4.3,2.7,2.4
E02000086,Bexley 022,19.24,17.56,19.19,28.47,15.54,49.9,26.7,27.5,10,21.1,92.6,4.2,1.2,1.9
E02000087,Bexley 023,17.68,14.37,18.74,27.1,22.11,20.4,21.6,24.4,7.8,27.6,89.7,6.1,1.8,1.7
E02000088,Bexley 024,18.2,16.96,18.78,27.22,18.84,38.8,24.9,26,9.2,21.7,91.8,4.6,1.4,1.2
E02000089,Bexley 025,19.35,15.06,18.62,27.56,19.41,57.4,26.7,26.9,8.1,20.9,92.4,3.3,2.1,1.9
E02000090,Bexley 026,14.94,19.57,20.65,23.23,21.6,49.1,16,21.8,8.8,38.2,90.6,4.8,2,2.6
E02000091,Bexley 027,16.27,18.43,17.87,25.42,22.02,36,17.4,20.1,9.8,36.7,89.5,5.5,2.4,2.6
E02000092,Bexley 028,22.41,17.69,19.87,23.9,16.12,11,18.1,18.2,16.5,32,87.4,4.2,4.7,3.6
E02006785,Bexley 029,18.95,18.31,18.19,26.19,18.36,47.4,18.9,23.1,12.7,27.9,82.2,8.4,6,3.9
E02000093,Brent 001,19.52,22.14,22.34,23,13.01,79,21,21.4,11.3,19.2,27.9,55.5,9.6,28.1
E02000094,Brent 002,21.74,22.15,22.78,22.27,11.07,75.6,22.4,18.6,13.1,20,37.5,38.8,13.4,26.6
E02000095,Brent 003,17.87,23.11,20.99,23.51,14.52,63.7,19.7,20,10.4,20,27.8,55.4,7.6,29.7
E02000096,Brent 004,16.86,21.26,19.12,25.66,17.1,45.1,20.6,23.8,8.1,20,32.3,57.5,4.1,19.4
E02000097,Brent 005,20.58,21.96,21.5,23.36,12.59,48.1,23,19.1,11.1,21.7,36.1,41.5,11.6,24.9
E02000098,Brent 006,19.3,22.77,21.11,23.16,13.66,43.3,20.1,17.8,11.3,24.3,32.8,41.2,12.7,25.6
E02000099,Brent 007,22.34,23.83,24.53,19.11,10.19,67.2,22.4,18.2,12.7,19.9,30,45.8,14,29.4
E02000100,Brent 008,14.87,28.25,18.88,23.92,14.08,40.3,18.5,22.3,8.1,26.3,31.6,52.6,8.3,22.1
E02000101,Brent 009,21.9,22.49,23.17,20.6,11.84,67.6,19.2,15.4,15.7,28.4,30.3,32.6,22.5,28
E02000102,Brent 010,26.03,21.41,22.68,20.2,9.68,57.3,20.4,14.3,17,25,31.7,33.5,23.4,31.2
E02000103,Brent 011,23.51,21.4,21.76,21.53,11.8,49.5,19.8,15.2,17.5,25.3,42.2,23.2,21.1,25.9
E02000104,Brent 012,17.97,23.05,21.22,22.42,15.34,61.2,16.6,18.8,11.3,23.8,29.9,46,13.3,25.2
E02000105,Brent 013,20.82,23.44,26.08,19.92,9.74,68.9,21.4,16.3,11.9,23.4,24.2,53.7,13.9,31.3
E02000106,Brent 014,22.82,24.18,23.9,20.2,8.9,77.6,18.1,13.8,16.1,26.2,37.6,27.8,21.9,32.9
E02000107,Brent 015,17.12,27.11,28.18,19.5,8.08,115.6,14.5,16.6,11.1,31.1,53.5,20.6,12.8,26
E02000108,Brent 016,20.63,22.19,24.57,20.99,11.62,80.9,20.1,15.9,12.2,23.4,26.2,51.2,15,31.3
E02000109,Brent 017,19.1,26.5,24.17,19.37,10.86,51.9,19.5,19,11.2,23.7,23.7,44.8,22,28.9
E02000110,Brent 018,16.05,27.35,24.68,22.01,9.9,104.2,15,19.3,11.4,27.6,53.1,20.6,14,21.8
E02000111,Brent 019,19.02,24.09,24.46,22.22,10.2,89.3,20.2,15.6,11.1,19.4,16.2,66.2,12,36.5
E02000112,Brent 020,17.22,26.44,23.35,22.08,10.91,75,17.8,17.1,11.1,20.3,21.1,53.4,17.8,36
E02000113,Brent 021,28.43,22.35,20.04,20.57,8.61,66.2,17.5,10.3,28,26.5,24.7,18.6,44.2,25.1
E02000114,Brent 022,17.03,28.63,29.26,17.21,7.87,150.2,14.4,17.2,11.5,31.3,52.6,20.6,15.1,26.5
E02000115,Brent 023,13.76,28.26,28.86,19.09,10.02,98.9,11.3,17.1,8.6,41.7,62.1,12.4,11.7,18.6
E02000116,Brent 024,22.13,23.78,28.04,18.59,7.46,78,15.1,11.6,17.8,31.8,40.8,23.1,22.9,33.1
E02000117,Brent 025,25.92,20.89,23.38,20.58,9.22,136.7,16.1,9.8,23.5,33.6,31.1,15.1,41.8,27.2
E02000118,Brent 026,20.14,23.97,23.36,23.34,9.19,78.7,20.2,16.5,13.7,20.3,17.3,61,15.1,36
E02000119,Brent 027,27.87,21.92,20.9,20.53,8.77,29.5,17.5,9,24.8,32.3,21.9,14.8,51.2,22.3
E02000120,Brent 028,14.22,26.46,32.52,18.1,8.7,184.8,11.3,20.5,9.5,38.4,64.2,11.3,12.2,18.4
E02000121,Brent 029,17.54,26.12,24.11,21.86,10.37,67.1,18.8,18.3,10.3,18.4,16,70.3,8.4,40.4
E02000122,Brent 030,18.91,20.66,24.68,22.89,12.86,66.6,18.7,16.6,11.4,29.1,58.2,15.5,11.6,15.8
E02000123,Brent 031,23.41,22.3,27.01,20.08,7.2,144.2,14.3,11.4,19.6,35.2,39.8,14.7,33.1,31.5
E02000124,Brent 032,17.21,22.98,31.29,20.51,8.01,93.1,14.9,17.9,11.7,32.6,64.8,10.3,12.6,16.4
E02000125,Brent 033,17.98,21.59,29.06,21.1,10.26,141.4,15.9,16.5,12.9,31,53.9,15.4,18.8,18.7
E02000126,Brent 034,23.79,21.02,26.32,20.36,8.51,168.8,13.6,10.6,18.7,41.4,33.1,11.5,39.3,26.9
E02000127,Bromley 001,22.35,18.18,22.53,22.44,14.5,38.9,16.8,17.5,19.2,33.6,80.5,5.1,9.7,4.8
E02000128,Bromley 002,19.98,15.44,22.84,26.02,15.73,28.7,22.8,24.2,10.9,29,88.3,4.7,2.8,2.5
E02000130,Bromley 004,19.32,16.54,26.9,25.76,11.47,54.3,18,21.4,12,35,69.5,6.6,16.4,6.7
E02000131,Bromley 005,18.41,19.41,36.37,19.52,6.29,52.2,12,18.2,13.1,47.1,62.6,5.9,22,10.2
E02000132,Bromley 006,13.46,19.05,30.47,21.61,15.42,51.3,10.4,22.2,8.1,48.5,80.5,7,6.8,5.7
E02000133,Bromley 007,17.58,12.21,20.61,27.34,22.26,16.3,23.3,25.5,5.8,27.5,87.9,7.1,2.1,2.6
E02000134,Bromley 008,17.8,17.9,29.3,21.48,13.52,56.6,17.3,21.2,9.9,40.3,83,5.9,5.1,5.8
E02000135,Bromley 009,22.8,21.47,26.73,20.7,8.3,86.1,13,13.4,21.6,41.5,56.5,5.9,28.4,10.2
E02000136,Bromley 010,19.71,15.97,16.69,25.05,22.57,12.5,20.1,22.5,11.2,29.5,85,8.1,3.9,2.6
E02000137,Bromley 011,16.09,15,23.4,26.25,19.27,43.2,17.6,22.2,7.9,38.3,84.8,5.9,4,4.2
E02000138,Bromley 012,13.27,14.4,24.46,25.21,22.66,38.9,14.3,22.6,5.4,42.6,85.7,5.7,3.9,4.9
E02000139,Bromley 013,19.07,15.86,28.6,25.89,10.58,48.4,21.1,23.1,10.7,33.7,83.2,4.4,6.6,3.7
E02000140,Bromley 014,25.51,18.74,20.81,21.54,13.41,42.9,19.1,15.5,19.4,33.5,84.3,3.3,8.4,4
E02000141,Bromley 015,20.27,17.19,28.13,23.98,10.43,75.6,18.8,19.9,13.2,37,69.6,6.4,16.6,5.6
E02000142,Bromley 016,20.42,14.51,23.33,25.76,15.98,47,25.8,24,9.4,27.5,85.2,7,3.5,3.7
E02000144,Bromley 018,19,16.74,26.59,23.48,14.2,44.8,21.4,22.6,9.2,33.4,80.4,8.2,4.7,6.2
E02000145,Bromley 019,25.61,18.02,22.19,21.44,12.74,7.4,18,17.8,20.4,31.7,80.7,3.4,11.4,4.3
E02000146,Bromley 020,20.37,14.57,26.02,23.25,15.79,47.8,23.5,20.8,10,33,86.9,5.4,3.3,3.5
E02000147,Bromley 021,19.63,13.55,16.19,30.94,19.69,35.7,25.8,24.6,6,27.2,85.8,7.1,2.5,3.6
E02000148,Bromley 022,19.54,13.17,19.15,27.67,20.47,23.6,25,24.6,8.1,24.6,88.7,5.9,2.4,2.7
E02000149,Bromley 023,21.46,15.75,21.17,26.28,15.33,41.5,19.1,22.7,15.3,29.9,88.1,3.8,5.2,2.9
E02000150,Bromley 024,21.84,14.93,18.57,29.54,15.11,27.7,28.7,22.5,11,23.4,83.6,4.9,6.2,2.6
E02000151,Bromley 025,19.03,12.05,20.04,27.61,21.27,36.1,25.6,27.5,6.7,20.8,91.1,5.1,1.4,2.4
E02000152,Bromley 026,22.47,16.75,20.65,24.94,15.19,26.6,20.6,18.6,19.1,28,84,5,6.1,4.2
E02000153,Bromley 027,21.43,14,18.38,29.68,16.51,34.6,29.9,25.5,9.3,20,91.5,3.3,2.4,1.2
E02000154,Bromley 028,17.89,16.76,18.98,28.21,18.16,38.7,21.2,24.5,9.6,27.8,87,7.2,3,2.9
E02000155,Bromley 029,15.87,14.31,17.68,27.86,24.27,38.2,16.5,24.2,9.9,31.7,89.6,4,4,2.3
E02000156,Bromley 030,19.03,14.47,16.26,29.27,20.98,31.6,25.6,23.4,8.5,25.4,89.4,4.3,2.5,1.9
E02000157,Bromley 031,18.14,12.73,17.47,28,23.66,32.8,23.5,23.6,7.7,26.8,92,4.6,1,1.9
E02000158,Bromley 032,21.48,15.37,17.37,25.04,20.74,34.5,20.2,22.9,13.7,24.4,87.8,3.4,5.3,3.2
E02000159,Bromley 033,18.51,13.55,16.34,30.5,21.1,11.8,22.3,26.2,7.9,24.1,90.2,4.8,2,1.6
E02000160,Bromley 034,19.86,15.24,16.98,30.46,17.46,9.4,27.1,27.1,7.9,23.3,93.5,2.1,1.5,1.1
E02000161,Bromley 035,19.56,13.4,21.37,27.32,18.35,49.3,26.9,24.5,7.9,25.4,88.3,6.5,2.3,2.6
E02000162,Bromley 036,18.71,12.98,18.63,26.36,23.32,5.3,20.1,20.6,10.6,31.7,90.5,5.2,1.7,2.6
E02000163,Bromley 037,18.35,13.44,18.35,29.59,20.26,6.8,22.8,26.8,8.1,23.7,92.9,3.7,1.3,1.3
E02000165,Bromley 039,20.28,16.54,20.57,29.78,12.83,12.6,25.3,30.2,10.7,20.4,95.3,1.4,1,0.9
E02006782,Bromley 040,20.74,15.53,20.04,26.88,16.8,29.6,19.2,22.1,15.3,28.1,76.8,6.6,11,5
E02006787,Bromley 041,21.99,13.89,24.26,26.74,13.12,51.2,26.7,23.6,10.8,26.8,84.5,4.9,5,3.3
E02006789,Bromley 042,17.38,13.57,16.54,30.35,22.17,2.9,19.1,29.2,8.4,25.7,95.9,1.1,0.9,0.3
E02000166,Camden 001,17.45,17.21,23.04,26.87,15.42,26.6,14.7,18.5,12,36.9,79.4,5.8,5.7,7.1
E02000167,Camden 002,17.66,13.42,28.2,23.78,16.94,37,18.8,22.5,4.4,38,84.8,6.7,1.9,9.5
E02000168,Camden 003,16.85,21.34,27.73,22.17,11.91,123.2,15.2,19.7,10,36,78.2,7.2,5.7,8.9
E02000169,Camden 004,18.91,19.64,24.85,21.06,15.54,66.3,21.5,19.9,6.1,32.9,75.9,11.7,2.4,14.2
E02000170,Camden 005,14.92,24.11,31.03,20.08,9.87,108.6,14.3,21.4,6.5,35.3,74.3,10.9,4.6,16
E02000171,Camden 006,17.57,19.28,28.97,22.06,12.11,156.7,15.9,18.6,9.4,37.4,77.1,9.7,4.3,10
E02000172,Camden 007,19.67,26.5,23.03,20.2,10.59,158.2,12.7,13,17.3,37.2,62.6,14.6,12,14.7
E02000173,Camden 008,16.57,19.66,32.25,19.32,12.2,100.7,15.2,20.3,4.8,40.5,70.1,16,3.9,18.5
E02000174,Camden 009,16.38,25.92,27.93,19.88,9.89,160.4,11.3,17.3,12.2,37.6,67.9,12.8,10.1,14.5
E02000175,Camden 010,12.75,27.68,35.13,16.31,8.14,127.1,11,20.6,7.9,40.3,70.3,13.2,7.4,15.6
E02000176,Camden 011,14.08,17.31,36.61,19.97,12.04,166.5,13.4,22.1,4,46.5,77.7,11.6,2.2,14.5
E02000177,Camden 012,19.17,24.39,27,17.84,11.61,176.8,12,16.2,15.7,36.2,64,13.8,12.3,14.3
E02000178,Camden 013,13.85,28.85,30.46,17.82,9.02,165,8.4,18.8,11.2,42.7,63.1,12.4,12.7,19.4
E02000179,Camden 014,20.84,19.7,28.11,19.39,11.96,170.9,16,17.1,11.5,40,66.6,14.6,10,18.2
E02000180,Camden 015,16.44,32.55,25.08,17.75,8.18,161.7,11.5,17.4,11,37.4,66.1,14.6,11,16.6
E02000181,Camden 016,13.96,24.16,34.72,18.28,8.89,144.4,13.6,23.7,6.6,36.8,75.8,12.8,3.8,15
E02000182,Camden 017,18.22,20.46,27.34,19.77,14.22,88.7,16.7,18.3,8.9,35.6,59.7,23.7,6.4,24.1
E02000183,Camden 018,15.83,18.19,28.37,23.85,13.76,102.5,13.2,19,7,45.8,77.2,8.9,5.7,12.3
E02000184,Camden 019,17.23,32.74,24.94,17.45,7.64,131.8,10.9,14.4,13.9,35.1,59,19.1,11.9,19.2
E02000185,Camden 020,19.24,21.65,26.66,20.23,12.22,181.5,12.1,14.5,12.9,45.5,58,14.2,14.5,24.4
E02000186,Camden 021,11.9,30.09,28.43,19.4,10.18,67.7,9,18.2,8.5,41.1,69.4,13.8,8.6,17.7
E02000187,Camden 022,21.69,28.49,21.46,17.98,10.39,88.2,14.3,12,16.6,37.1,47.1,28.1,15,24.9
E02000188,Camden 023,18.05,36.89,19.51,16.7,8.84,167,13.3,11.5,14.7,36.7,48.4,30.8,10.8,21.4
E02000189,Camden 024,19.23,37,21.65,14.64,7.49,203.5,10.5,13.4,15.2,40.3,45.4,30.3,14.7,28.2
E02000190,Camden 025,10.93,42.63,20.37,16.48,9.59,209.8,6.9,12.1,9.2,54.9,57,26.6,7.9,22.2
E02000191,Camden 026,6.38,52.73,20.45,13.09,7.36,128.3,5,14.3,4.6,50.4,56.8,27.6,6.4,22.9
E02000192,Camden 027,16.36,25.85,27.29,21.18,9.32,170.6,10.2,15.9,11.3,44.6,58.5,23.8,9,19.6
E02000193,Camden 028,7.27,34.85,27.46,20.13,10.29,72.9,4.6,14.3,4.9,55.8,64.4,20.9,5.4,16.4
E02000194,Croydon 001,19.87,17.8,30.5,21.64,10.19,64,13.7,18.2,16.2,40.5,60.4,8.9,20.8,9.2
E02000195,Croydon 002,19.6,18.77,19.74,27.91,13.98,48.1,20.7,20.9,12.2,25.6,46.1,23,22.1,11.4
E02000196,Croydon 003,19.98,22.94,19.52,24.79,12.78,61.3,18.4,17.5,16.9,24.1,35.6,28.7,26.6,14.3
E02000197,Croydon 004,23.06,20.41,22.32,21.87,12.34,93.5,18.7,15.7,18,27.5,35.9,26.9,27.6,17.3
E02000198,Croydon 005,25.54,18.67,24.08,23.3,8.41,91.6,15.9,12.1,22,35.4,37.3,13.7,38.8,12.2
E02000199,Croydon 006,25.34,18.91,22.24,25.11,8.4,98.7,19.2,15.1,22.1,26.7,33.4,11.6,44.2,10.5
E02000200,Croydon 007,20.71,18.4,26.43,24.72,9.74,67.4,13.3,15.7,17.1,40.7,45.8,9.7,34.1,9.8
E02000201,Croydon 008,23.92,21.04,25.11,21.45,8.49,99.7,12.5,12.1,21.4,40.6,39.8,8.7,40.1,11.1
E02000202,Croydon 009,21.81,21.1,20.79,24.73,11.57,116.3,18.6,16.4,16.5,25.4,24.8,32.9,33.9,17
E02000203,Croydon 010,22.22,20.12,23.81,23.74,10.11,98,14.6,14.3,18.6,34.7,29.1,20.4,40,14.8
E02000204,Croydon 011,23.79,21.58,20.77,22.81,11.04,86.7,18.4,17,18.2,22.8,20.3,39.4,31.6,18.9
E02000206,Croydon 013,25.15,20.4,24.51,20.75,9.19,66.9,15,12.9,23.3,35,36.5,13.8,38.5,12.7
E02000207,Croydon 014,25.39,20.42,23.65,22.65,7.89,74.5,18.7,13.3,22.7,32,46,10.7,32.5,7.4
E02000208,Croydon 015,25.96,22.69,25.85,18.36,7.15,115.2,17.5,11.6,22.5,31.1,28.3,27.5,33.2,19.7
E02000209,Croydon 016,27.07,19.97,24.57,20.85,7.55,83.8,24.1,14.2,20.8,22.9,27.7,39.3,24.9,21.9
E02000210,Croydon 017,22,19.35,26.91,23.47,8.28,108.1,20.9,20.5,15.7,29.2,57.2,12.4,20.7,8.5
E02000211,Croydon 018,17.33,16.93,17.98,29.16,18.61,48.5,20.2,23.8,10.9,27.6,74.6,10.9,8.8,3.8
E02000212,Croydon 019,26.61,20.87,25.37,19.85,7.3,69.2,21.6,12.1,20.8,23.7,29.8,36.8,24.4,21.6
E02000213,Croydon 020,22.89,23.56,27.21,18.88,7.47,93.3,14.6,12.9,19.8,36.9,33.3,25.7,29.4,18.6
E02000214,Croydon 021,18.68,18.83,18.17,29.7,14.62,61.5,22.5,25.4,11,22.3,67.2,12.5,12.6,6.5
E02000215,Croydon 022,16.95,22.74,30.36,19.48,10.47,105.7,14,18.2,10.8,41.9,54.5,20.7,14.6,14.2
E02000216,Croydon 023,17.17,16.37,25.97,21.56,18.92,29.8,19.4,20.1,7,37.9,49.2,36.9,7.8,14.4
E02000217,Croydon 024,21.83,22.93,27.82,20,7.42,71.2,16.8,18.7,17,33.9,52.3,15.8,20.2,14.2
E02000218,Croydon 025,25.9,18.69,18.31,25.2,11.9,59.9,22.8,20.9,21.9,18.7,60,11.7,21.4,9.2
E02000219,Croydon 026,15.95,16.15,14.57,31.94,21.39,13.5,20.7,27.7,6.6,25.1,74,13.7,7.5,3.4
E02000220,Croydon 027,16.08,26.13,31.52,16.76,9.51,67.5,11.5,17.6,12.4,44,58.2,17.7,15.3,14.2
E02000221,Croydon 028,23.78,19.41,23.5,21.97,11.34,36,18.5,16.6,20.4,29.8,53.8,16.7,19.9,10.9
E02000222,Croydon 029,18.12,20.31,27.73,22.33,11.51,43.5,17.2,23.8,10,34,69.2,13.2,9.8,7.3
E02000223,Croydon 030,33.31,21.13,20.16,16.52,8.88,87.8,21.3,11.8,35.2,18.3,61.6,4.1,25.3,8.3
E02000224,Croydon 031,20.5,20.26,26.55,22.57,10.12,60.7,19.9,22.1,11.2,32.9,68.3,11.8,11.7,8
E02000225,Croydon 032,24.96,18.74,18.53,25.55,12.22,47.3,19.8,21.3,22.8,20.9,77.7,3.6,13.9,4.4
E02000226,Croydon 033,16.49,17.5,15.59,31.45,18.98,23.3,22.8,28.1,7.8,20.3,76.9,12.9,6.3,3.3
E02000227,Croydon 034,19.74,17.68,20.66,27.38,14.54,25.2,19.1,21.8,13.1,32.4,80,6,8.9,3
E02000228,Croydon 035,17.56,13.9,16.13,31.08,21.33,24.5,24.4,27.9,5.2,22.2,79.5,11.7,3.8,2.1
E02000229,Croydon 036,26.5,19.01,19.3,21.51,13.68,49.5,19.5,16.3,24.7,26.4,74.7,3.6,15.1,4.7
E02000230,Croydon 037,18.39,17.45,21.77,26.41,15.98,38.9,20.3,24.7,9.9,28.6,68.3,15.5,7.9,6.2
E02000231,Croydon 038,18.7,16.55,15.72,31.72,17.31,23,28.5,27.7,6.1,15.7,67.5,21,5.5,4.6
E02000232,Croydon 039,19.72,15.32,17.77,28.71,18.48,14.3,23.8,24.7,10.3,21.3,83,8,4.5,2.8
E02000233,Croydon 040,21.68,15.68,24.42,23.11,15.11,39.3,23.6,23.1,12.7,25.3,75.3,10.5,7.9,4.5
E02000234,Croydon 041,20.63,17.03,20.15,27.89,14.3,26.4,21.7,24.1,11.9,26.7,73.7,10.7,7.8,4.4
E02000235,Croydon 042,21.04,14.47,20.34,29.22,14.94,13.3,25.8,26.7,11.5,21.8,81.3,7.7,5.7,2.8
E02000236,Croydon 043,21.19,14.68,20.32,29.22,14.6,21.7,26.7,26.8,10.7,20.4,84.1,7,4.1,1.3
E02000237,Croydon 044,18.34,13.89,16.95,28.92,21.9,15.3,22.3,24.3,9.7,26.8,86,4.3,4.3,1.6
E02006788,Croydon 045,25.66,19.14,22.71,24,8.48,54.9,18.9,15.7,26.6,26.3,50.2,8.2,30.8,7.1
E02000238,Ealing 001,22.44,20.06,26.36,21.66,9.47,64,23.7,17.5,13.3,22.9,47.7,30.8,13.6,26.3
E02000239,Ealing 002,18.67,22.3,22.94,23.3,12.79,38.5,20.5,21.1,9.7,18.9,41.6,41.1,9.3,27.9
E02000240,Ealing 003,25.16,19.05,24.99,20.55,10.26,60.3,19.7,16,20.4,26,47.2,25.5,17.3,23.4
E02000241,Ealing 004,20.15,20.24,26.18,21.92,11.51,52,21,19.2,12.8,23.2,51.2,29.3,11.9,25
E02000242,Ealing 005,20.86,22.24,23.82,22.83,10.25,78,23.2,19.2,10.7,19.2,36.4,44.4,7,35.4
E02000243,Ealing 006,20.16,21.07,25.01,21.65,12.12,30.2,20.4,16.9,13.8,27.1,49,27.3,12.4,26.6
E02000244,Ealing 007,19.66,20.08,26.95,21.85,11.46,40.8,20.6,20.9,10.7,26.1,53.9,22.9,8.4,30.6
E02000245,Ealing 008,25.71,20.64,23.93,20.78,8.94,50.1,19.2,13.7,20,33.3,43.5,25.3,20.5,24.5
E02000246,Ealing 009,26.28,20.32,21.52,21.73,10.14,42.7,21.9,14.1,20.1,26.6,45.5,23.8,18.9,22.9
E02000247,Ealing 010,24.51,20.08,25.31,18.9,11.2,74.2,21.9,15.1,16.9,28.7,42.2,29.6,16.5,26
E02000248,Ealing 011,18.12,23,28.16,19.2,11.52,42.9,18.3,19.3,10.3,30.6,53,23.7,5.8,32.8
E02000249,Ealing 012,20.88,21.12,24.12,21.21,12.67,61.2,20.3,15.7,12.3,27.1,45,32,11.6,29.5
E02000250,Ealing 013,20.75,14.77,23.42,26.56,14.51,64.9,26.6,21.2,7.4,28.1,75.8,11.8,2.5,12
E02000251,Ealing 014,20.66,22.27,21.9,24.51,10.66,83.7,22.5,20.1,12.8,18.1,27.9,51.6,10.7,29.1
E02000252,Ealing 015,18.5,28.76,27.93,17.05,7.76,30.8,14.1,14.2,16.7,31.9,48.8,17.1,17.6,26.7
E02000253,Ealing 016,23.47,18.12,24.5,21.38,12.53,83.7,19.8,12.9,19,32.4,54.7,17.3,15.3,23.5
E02000254,Ealing 017,19.91,23.33,22.01,23.44,11.3,85.8,24,19.3,10.8,15.8,12.6,72,6.5,31.7
E02000255,Ealing 018,21.71,19.33,23.48,23.92,11.56,61.1,21.9,19.8,13,28.4,61.5,14.7,12.5,18.8
E02000256,Ealing 019,16.06,21.71,28.56,21.79,11.87,81.6,17.6,21.3,7.4,34.1,69.2,15.9,5,20
E02000257,Ealing 020,15.25,23.53,30.37,19.47,11.38,61.9,15.5,22.3,6.2,36.5,62.7,21.9,4.9,22
E02000258,Ealing 021,20.33,22.24,26.97,20.59,9.87,66.3,20.1,17.1,11.4,30.7,58.9,17.3,9.7,25.2
E02000259,Ealing 022,21.29,18.66,24.86,25.03,10.17,49.5,25.5,20.1,11.7,23,69.3,13.5,8.1,18.2
E02000260,Ealing 023,19.92,23.95,22.73,21.53,11.87,81.2,20.3,16.5,12,19.4,9.6,74.9,8.3,37.3
E02000261,Ealing 024,20.1,26.56,25.78,18.24,9.33,83.9,15.1,15.8,14.4,31.9,50.9,16.9,14.4,25.5
E02000262,Ealing 025,18.27,23.33,28.77,19.99,9.64,128.3,14.6,16.5,11.1,38.2,62.8,13.6,10.9,24.2
E02000263,Ealing 026,20.95,24.55,23.24,20.51,10.75,95.9,19.5,14.3,11,17.7,6.1,81.3,6.8,43.4
E02000264,Ealing 027,15.88,23.16,25.56,23.11,12.28,56.3,16.9,20.3,7.3,31.2,66.6,17.1,4.7,21.3
E02000265,Ealing 028,18.44,21.46,30.96,19.53,9.61,107.8,16.2,18.6,11,36.7,61.7,17,11.5,21.4
E02000266,Ealing 029,23.75,22.76,23.81,20.82,8.86,31.7,20.8,13.8,20,24.1,22.7,43.7,23,31.3
E02000267,Ealing 030,20.01,18.73,30.22,22.12,8.92,93.3,21.3,17.8,11,32.7,71.3,12.4,7.9,18.7
E02000268,Ealing 031,16.83,21.19,27.27,23.5,11.21,69.6,17.7,23,9.9,31.4,73.1,11.7,6.8,14.5
E02000269,Ealing 032,18.63,18.71,29.3,23.06,10.3,91.2,23.3,24,6,29.5,76.6,11.8,3.6,12.7
E02000270,Ealing 033,23.67,21.2,26.54,18.82,9.76,100.5,15.6,13.7,16.8,37,48,15.1,23.7,29.8
E02000271,Ealing 034,18.48,17.03,28.54,25.23,10.72,89.2,23,22.7,6.1,31.3,82.8,6.7,3.2,11.5
E02000272,Ealing 035,19.03,16.21,25.22,25.73,13.81,55.5,24.2,23.6,7.8,25.6,74.1,13.8,4.9,10.6
E02000274,Ealing 037,22.66,25.71,23.12,20.37,8.14,90.1,22.5,14.8,14,15.9,8.4,71.9,12,43.7
E02000275,Ealing 038,19.01,23.29,21.32,23.71,12.67,62.2,19.8,17.5,10.4,23.3,17,65.5,8.6,35.3
E02000276,Ealing 039,18.18,22.08,31.2,18.55,10,79.7,22.9,22.2,7.1,29,75.6,12.4,5.1,13.9
E02006791,Ealing 040,16.12,20.01,32.63,21.99,9.24,96.2,16.3,22.8,7.7,37.4,75.7,9.6,7.6,12.3
E02000277,Enfield 001,22.67,20,21,23.84,12.5,68.6,21.1,20.6,18.6,24.7,64.9,5.2,20.2,14
E02000278,Enfield 002,26.49,20.37,20.86,20.06,12.22,69,19.4,14.6,24.6,26.8,60.9,6.7,22,18.9
E02000279,Enfield 003,27.93,20.94,24.69,19.7,6.73,44.8,19.3,16.9,23.8,27.1,51.8,7.8,28.1,19.3
E02000280,Enfield 004,21.22,15.88,23.03,25.1,14.77,5.4,22,21.5,13.9,28.6,82.1,5.4,6.2,7.2
E02000281,Enfield 005,23.74,19.33,24.01,21.35,11.58,46.3,21.3,17,18.6,29.8,68.2,7.9,14.1,12.7
E02000282,Enfield 006,28.89,20.7,23.23,19.16,8.03,72.4,19.5,13.3,24.6,28.8,57.2,7.4,22.7,23
E02000283,Enfield 007,25.96,21.53,20.13,22.15,10.22,74,24.1,19.2,21.8,18.5,60.4,7.2,20.5,16.4
E02000284,Enfield 008,19.82,16.91,25.23,24.29,13.74,64.5,20.6,22.4,11.5,32,81.2,5.9,6,6.3
E02000285,Enfield 009,20.27,15.89,19.21,28.53,16.11,66.7,27.8,24.7,9.8,22.1,82.5,5.5,5.5,4.8
E02000286,Enfield 010,13.92,17.53,23.41,25.57,19.56,39.9,15.2,22.6,7.4,39.9,80.8,8.4,5,6.4
E02000287,Enfield 011,16.84,20.42,16.39,25.94,20.42,7.6,21.8,23.1,7.9,26.3,76.3,11.9,4.8,10.6
E02000288,Enfield 012,24.62,22.63,22.08,20.17,10.5,50.5,21,16.7,19,27,50.7,14.5,23.4,22.4
E02000289,Enfield 013,18.88,16.52,16.99,28.38,19.24,19.4,26,23,9.6,21.3,77,12,3.6,7.2
E02000290,Enfield 014,28.58,22.54,23.39,17.55,7.94,15.1,19.1,11.1,25,31.3,45.2,13.8,27.6,25.6
E02000291,Enfield 015,19.9,19.49,25.25,21.02,14.34,79.7,16.5,18.1,14.5,37.3,70.2,6.5,12.7,13.3
E02000292,Enfield 016,22.6,18.91,22.91,23.65,11.92,51.4,22.8,19.2,16.5,24.8,66.7,10.3,13.2,12.1
E02000293,Enfield 017,18.57,14.81,18.3,28.27,20.06,29.4,23.7,23.7,8,25.5,80.9,8.7,4.1,6.3
E02000294,Enfield 018,24.27,21.38,19.99,22.84,11.52,59.5,22.4,18,18.1,23.1,49,13.3,26.3,21.2
E02000295,Enfield 019,19.92,17.38,24.36,23.07,15.27,52.7,21.6,21.1,12.9,28.5,69.4,14.1,6.3,12.3
E02000296,Enfield 020,17.3,23.48,24.75,19.55,14.91,54.2,16.4,19.3,12.7,31,68.5,15.9,6.1,16.6
E02000297,Enfield 021,17.46,18.15,19.19,28,17.21,56.9,21.9,26.3,10.1,24.1,75.1,9.7,8.1,8.2
E02000298,Enfield 022,19.22,15.65,22.04,27.18,15.91,40.3,24.7,25.8,7.4,24.6,80.7,7.4,4.3,7.1
E02000299,Enfield 023,26.27,20.46,21.7,20.87,10.71,107.7,19.5,14.4,21.6,29.2,40.7,13.1,33.4,23.7
E02000300,Enfield 024,25.13,21.54,22.12,21.58,9.64,106.9,20.5,16,19.7,28,43,13.3,29.9,25.1
E02000301,Enfield 025,26.95,20.94,22.92,20.41,8.78,56.6,18.4,13,24.4,30.9,41.8,11,32.7,27.2
E02000302,Enfield 026,20.01,18.72,21.61,25.03,14.63,52.8,20.5,20.9,13.5,26.6,64.6,12.8,11.5,16.2
E02000303,Enfield 027,26.67,21.81,20.85,20.94,9.73,69.3,19.4,12.9,22.4,30.4,44.7,13.9,28.3,25.8
E02000304,Enfield 028,18.11,17.67,20.39,27.22,16.62,46.9,24.9,25.5,7.9,22.6,73.6,13.5,3.6,10.3
E02000305,Enfield 029,17.11,20.6,26.33,23.92,12.05,91.5,20.5,22.3,9.2,29.8,72.6,9.9,6.6,16.1
E02000306,Enfield 030,28.71,21.62,23.77,17.71,8.19,45.3,17.6,10.4,25.3,32.7,37.8,12.1,38,28.5
E02000307,Enfield 031,23.65,20.62,21.38,23.02,11.32,90.7,23.8,19.6,18.5,19.8,51.6,16.3,19.9,26.2
E02000308,Enfield 032,18.21,22.67,24.55,21.83,12.73,68.4,17.1,19.2,15.2,25.7,59.4,20.2,10.4,21.2
E02000309,Enfield 033,26.83,22.06,23.06,19.77,8.28,66.3,19.5,13.1,24.9,25.5,38.7,13,34.4,28.4
E02000311,Enfield 035,20.73,22.82,22.93,22.1,11.42,71.8,18.9,19.9,17.1,24.7,56.1,16.4,13.6,27.4
E02000312,Enfield 036,15.67,24.35,26.83,21.75,11.4,83.6,16.8,20.3,11.1,30.4,65.5,14.5,9.9,23.2
E02006793,Enfield 037,26.74,22.42,23.53,19.27,8.04,93,18.1,12,24.6,29.6,41.1,12.4,31.8,31.9
E02000313,Greenwich 001,27.29,18.99,26.03,21.5,6.18,92.5,19,12.7,18.8,34.9,49.3,4.1,40.7,13.2
E02000314,Greenwich 002,29.32,21.6,30.54,14.55,4,43.4,25.3,13.1,19.9,24.5,38.9,9.6,43.8,17
E02000315,Greenwich 003,28.14,18.62,23.79,19.58,9.87,77,19.2,12.8,21.2,30.8,52.3,6.9,34.8,9.8
E02000316,Greenwich 004,20.53,27.64,32.7,13.91,5.23,59.1,13,17,12.7,40.8,53.1,14.2,24.1,16.9
E02000317,Greenwich 005,27.61,20.79,24.37,19.73,7.5,130.9,17.7,12.9,21.8,31.5,48.3,12.9,31.3,16.1
E02000318,Greenwich 006,22.66,24.09,24.98,20.21,8.06,92.3,17.5,14.4,15.4,26.9,35,35.1,23.2,22.9
E02000319,Greenwich 007,22.1,24.5,28.98,18.18,6.24,121.3,17.5,15.9,15.3,29.1,41.6,23.2,27.3,18
E02000320,Greenwich 008,25.09,19.54,23.32,22.9,9.15,46.6,20.3,17.7,17.7,28.4,55.7,11.9,24.7,11.1
E02000321,Greenwich 009,24.01,23.11,24.83,19.72,8.32,117.8,16.2,13,18.9,35.1,50.2,14.5,27.6,15.4
E02000323,Greenwich 011,25.85,22.92,27.05,17.58,6.6,143.8,17.6,11.2,18.8,32.7,39,20.7,32.7,20.4
E02000324,Greenwich 012,22.67,21.08,23.92,20.04,12.29,57,16.8,15.9,17.1,31.2,60.1,15.2,17.7,13.2
E02000326,Greenwich 014,20.93,19.58,30.03,20.33,9.14,99.4,19.1,20.2,13.2,30.6,67.6,12,13.3,10.6
E02000327,Greenwich 015,28.57,25.47,25.03,16.22,4.72,38.1,22.1,13.3,18.9,30.6,47.6,10.8,33.3,14
E02000328,Greenwich 016,16.82,17.45,28.88,22.12,14.73,76.7,17.1,21.1,6.9,40.1,81.6,5.8,6.6,6.1
E02000329,Greenwich 017,20.7,18.67,22.78,25.19,12.65,35.5,19.5,20.4,15.2,27.8,64.1,12.4,16.6,7.4
E02000331,Greenwich 019,20.73,22.14,26.18,19.9,11.06,80.8,15.9,18.3,14.3,33.1,64.7,12.8,15.7,9.3
E02000332,Greenwich 020,20.79,16.19,24.86,25.95,12.22,36.4,19.4,21.1,12.3,30.3,68.5,8.1,15.8,5.8
E02000333,Greenwich 021,15.71,17.1,30.28,21.6,15.31,49.8,15.3,23.5,6.1,40.1,84.6,5.7,4.9,5.6
E02000334,Greenwich 022,19.83,18.53,23.73,24.97,12.94,47.1,18.6,20.6,13.3,30.6,68.3,11,13.8,9.2
E02000335,Greenwich 023,18.92,14.99,22.74,27.36,15.99,51,24.2,24.8,9.4,26.5,88.4,4.9,3.1,3.9
E02000337,Greenwich 025,20.76,19.28,22.55,24.99,12.42,57.2,20.1,21,16.5,26,80.1,6.4,8.7,7.3
E02000339,Greenwich 027,18.27,15.86,20.2,28.31,17.35,48.3,21.9,21.3,8.8,33.3,89,4.9,2.7,4.2
E02000340,Greenwich 028,14.39,18.97,20.01,25.89,20.75,18.7,15.1,21,8,38.1,85.2,6.4,4.5,5.7
E02000341,Greenwich 029,24.2,18.6,22.95,22.28,11.97,42.8,18,18.7,19.7,28.3,76.5,5.8,11.1,7.9
E02000342,Greenwich 030,18.02,33.94,18.63,18.47,10.94,47.5,16.9,19.5,16.1,32.1,81.3,7.8,6.1,5
E02000343,Greenwich 031,19.25,19,19.04,26.31,16.4,53.3,16.9,20,13.9,32.3,80.1,5.8,8.2,5.6
E02000344,Greenwich 032,17.94,18.08,19.9,26.71,17.36,48.8,22.9,25.1,9,26.5,83.4,6.2,5.8,4.3
E02006786,Greenwich 033,24.35,20.74,22.61,22.92,9.37,57.5,20.1,16.6,17.8,28.7,58.3,10.9,23.7,10.5
E02006927,Greenwich 034,21.03,16.73,22.97,23.66,15.61,32.5,18.3,19.9,13.2,31.3,70.9,9.4,12.9,7.7
E02006928,Greenwich 035,17.01,37.42,29.18,12.67,3.72,144.4,12.1,18.2,15,36.3,58.6,15.1,17.4,15.7
E02006929,Greenwich 036,18.48,26.6,30.68,15.97,8.28,31.3,13.5,20.6,13.2,35,62,18.2,12.5,13.5
E02006930,Greenwich 037,15.15,25.77,32.59,18.17,8.32,77.7,15.9,23.5,7.4,32.8,77.9,9.7,5.7,10
E02006931,Greenwich 038,17.77,21.92,31.03,18.41,10.88,47.3,14.9,23.3,9.8,35.4,73.3,7.6,12.2,9
E02000345,Hackney 001,35.9,23.2,20.12,14.6,6.19,148.8,32.2,15.3,8.6,27,70.8,4.9,9.4,20.5
E02000346,Hackney 002,20.08,24.89,24.61,21.44,9,104.1,11.7,9.2,23.1,36.9,43.4,12.4,29.2,28
E02000347,Hackney 003,30.96,23.54,21.43,16.48,7.59,118,26.1,16.5,11.1,30.7,68.6,5.9,12.8,15.7
E02000348,Hackney 004,33.51,21.48,22.36,16.18,6.47,147,24.4,12.1,16.7,31.4,56.9,8.9,20.1,23
E02000350,Hackney 006,20.73,27.03,30.23,16.61,5.41,171.8,16.9,18.6,9.6,31.3,59.6,15.1,14.7,16.3
E02000351,Hackney 007,12.98,33.32,32.61,15.23,5.87,164.9,10.4,20.4,8.2,35.8,66.3,10.1,12.7,18
E02000352,Hackney 008,22.96,21.15,28.1,18.84,8.95,90.9,17.2,16.3,14.3,34.9,66.8,6.8,14.4,12.7
E02000353,Hackney 009,16.77,26.11,31.69,18.55,6.88,140.8,16.9,20.1,8.8,30.3,67.7,11.4,11.9,12.6
E02000354,Hackney 010,19.92,25.89,29.06,17.46,7.67,126.2,12.8,13.6,15.9,39,45.7,14,27.7,19.6
E02000355,Hackney 011,17.43,26.12,29.1,19.05,8.31,133.3,14,16.1,12.7,32.6,51.4,18.3,20.7,18.2
E02000356,Hackney 012,17.47,24.14,33.04,19.26,6.1,183.2,16.5,20.4,10.6,32.5,71.4,5.8,12.6,11.6
E02000357,Hackney 013,28.3,19.72,21.6,20.52,9.86,42.3,14.8,8.7,23.3,36.3,30.9,9.4,47.8,19.7
E02000358,Hackney 014,16.26,27.64,31.48,17.29,7.33,181.1,11.2,16.9,14.2,34,54.9,10.1,22.8,17.8
E02000359,Hackney 015,21.26,25.76,26.99,18.07,7.93,153.2,15.9,14.1,17.2,28.1,50.1,11.7,27,15.4
E02000360,Hackney 016,21.56,25.02,27.83,18.83,6.77,211.3,12.4,12.1,19.3,35.6,40.5,12.4,34.7,18.3
E02000361,Hackney 017,16.16,30.75,30.71,15.9,6.48,132.5,9.7,14.5,13.7,38.3,53.5,9.8,25.2,16.2
E02000362,Hackney 018,21.29,24.93,27.28,18.15,8.35,49.5,12,13.4,18.4,36.1,48.8,8.6,31.5,13.1
E02000363,Hackney 019,26.28,22.14,25.75,18.45,7.38,184.5,14.2,10.2,23.4,34.8,37,11,38.9,18.3
E02000364,Hackney 020,15.81,26.72,29.74,19.94,7.79,137.6,12,18,12.9,35.5,63.2,7.9,20.2,10.4
E02000365,Hackney 021,12.9,32.09,30.72,15.99,8.3,138.8,9.4,19,10.3,35.8,62.7,9.2,17.3,14.1
E02000366,Hackney 022,20.48,25.06,25.7,19.97,8.79,134.8,13.1,14.3,16.4,40,58.7,8,23.9,11.9
E02000367,Hackney 023,17.85,28.44,33.68,15.54,4.49,136.9,12.1,18.4,14.8,31.6,60.8,9.5,19.1,13.4
E02000368,Hackney 024,20.16,27.25,26.22,18.39,7.98,151.7,11.7,13.3,18,36.5,46.1,11.9,30.7,16.4
E02000369,Hackney 025,18.31,28.63,29.46,16.59,7,183.3,11.3,14.2,16.1,35.8,50.4,10.7,26.7,17.7
E02000370,Hackney 026,17.82,30.49,28.07,17.17,6.46,173.9,10.1,15.4,16.5,38.8,52.5,11.9,22.8,21.1
E02000371,Hackney 027,12.51,40.5,29.75,12.66,4.58,130.1,7,15.6,11.2,40.8,59.5,11.3,17.6,20.5
E02006918,Hackney 028,26.95,24.19,26.61,16.75,5.51,155,14.5,12.8,20.2,35.4,39.9,13.6,32.2,22.6
E02006921,Hackney 029,30.9,23.44,21.38,17.33,6.95,173.8,21.3,11.2,18.5,35,49.6,11.3,26.2,21.8
E02000372,Hammersmith and Fulham 001,20.36,23.66,27.26,20.05,8.66,26.1,12.8,13.9,19.5,37.3,50,13,21.1,23.4
E02000373,Hammersmith and Fulham 002,26.37,22.93,22.3,20.46,7.93,160.8,15.3,10.4,27.9,26.5,37.4,11,35.7,25.9
E02000374,Hammersmith and Fulham 003,18.99,26.19,26.53,18.21,10.07,133,15,15.1,16,28.5,61.3,9.4,15.7,13.9
E02000375,Hammersmith and Fulham 004,16.25,27.23,29.21,18.87,8.44,92,10.2,14.4,12.9,42.1,58.3,9.3,20.1,19.3
E02000376,Hammersmith and Fulham 005,13.72,30.09,31.67,17.6,6.91,167.3,9.7,17.4,11.2,39.2,61,10.4,15.7,18.3
E02000377,Hammersmith and Fulham 006,16.33,26.21,30.04,18.84,8.58,183.2,12,17,11.8,40.1,63.7,9.4,15.9,17.1
E02000378,Hammersmith and Fulham 007,12.79,27.44,33.75,18.17,7.85,220.1,9.2,20.6,8.3,43,69.4,8.5,11.4,18
E02000379,Hammersmith and Fulham 008,18.47,21.33,29.75,19.93,10.53,111.7,17.1,19,10.6,36.6,69.5,8.3,11.2,14.1
E02000380,Hammersmith and Fulham 009,17.48,23.74,29.92,20.04,8.82,164.4,16.7,19.4,8.7,36.3,73.4,7.4,9.5,10.9
E02000381,Hammersmith and Fulham 010,17.24,22.93,31.36,20.48,7.99,139.4,14.6,21,8.8,38.3,75.6,7.1,8.3,16.6
E02000382,Hammersmith and Fulham 011,17.58,21.16,29.95,22.02,9.29,98.2,14.6,18.8,10,39,68.8,8.2,10.6,16.6
E02000383,Hammersmith and Fulham 012,10.72,32.47,28.3,18.49,10.02,153.3,8.8,17.6,8.5,41.9,61.2,15.3,7.5,24
E02000384,Hammersmith and Fulham 013,15.15,28.02,26.24,19.51,11.08,92.5,9.9,15.7,14.3,39.6,63.7,9.2,14.7,17.5
E02000385,Hammersmith and Fulham 014,8.34,36.38,34.4,14.62,6.25,151,7.4,20.3,5,42.3,74.4,10.5,6,18.6
E02000386,Hammersmith and Fulham 015,17.33,28.38,27.41,18.97,7.92,183.7,10.5,15.8,15.9,37.4,57.6,11.6,17,23.4
E02000387,Hammersmith and Fulham 016,14.06,33.61,27.02,17.03,8.27,150.2,10.3,13,11.7,42.8,64.3,12.8,12.6,17.1
E02000388,Hammersmith and Fulham 017,11.97,31.82,29.94,15.91,10.35,151.2,9.5,19.3,8.1,39.6,73.8,9.8,7.3,17.3
E02000389,Hammersmith and Fulham 018,15.14,27.52,27.27,19.04,11.02,130.9,16.3,17.9,7,32.9,79.6,8,4.1,11.7
E02000390,Hammersmith and Fulham 019,14.73,31.19,28.82,16.67,8.59,180.7,12.5,18.8,9.8,35.5,75.7,6.6,8.3,13.5
E02000391,Hammersmith and Fulham 020,16.86,24.54,27.24,20.77,10.6,114.2,15.9,16.6,7.2,38.3,80.9,5.4,5.1,12.8
E02000392,Hammersmith and Fulham 021,17.93,28.21,30.43,16.21,7.21,169.1,15.3,18,10,33.3,76.9,5.8,8.6,14.3
E02000393,Hammersmith and Fulham 022,14.96,28.17,33.24,15.27,8.36,166.8,16.1,21.1,5.2,31.6,84.1,6.2,3.9,11.2
E02000394,Hammersmith and Fulham 023,16.96,28.96,28.34,17.79,7.94,117.7,11.4,16.7,13.8,38.1,67.4,9.7,11.6,15.3
E02000395,Hammersmith and Fulham 024,15.33,23.95,27.93,19.91,12.89,60.6,14.7,20.1,5,37,86.1,5.2,2.7,9.8
E02000396,Hammersmith and Fulham 025,20.53,23.31,27.26,19.79,9.11,104.3,18.3,17.1,12,30.6,75.4,6.7,8.9,13.3
E02000397,Haringey 001,17.5,24.26,30.19,19.16,8.89,143.1,14.2,16.7,14.1,35.3,61.2,11.4,15.8,26.5
E02000398,Haringey 002,26.8,20.95,23.78,20.79,7.68,61.3,15.3,9.8,26,32.8,38.3,8.3,41.5,31.6
E02000400,Haringey 004,21.54,21.39,26.37,21.06,9.64,58.3,19.3,16.6,17.2,29.5,61.8,10.4,16.9,21.3
E02000401,Haringey 005,27.56,19.82,22.2,21.58,8.84,91.3,18.8,13.3,27.3,23.2,49.9,10.5,25.4,24.2
E02000402,Haringey 006,27.25,21.08,23.14,20.53,7.99,70.9,15.8,13.2,28,26.9,45.1,9.2,31.2,26.9
E02000403,Haringey 007,16.5,26.02,30.75,18.54,8.18,87.9,13,20.2,12.4,31.2,62.4,12.8,13.6,28.7
E02000404,Haringey 008,21.83,24.72,26.26,18.39,8.8,117.2,14.8,14.7,18.9,26.4,51.3,15.7,20.3,30.5
E02000405,Haringey 009,21.69,15.39,27.87,25.78,9.27,36.7,27.2,24.5,8.4,25.2,80.9,5.7,5.4,8.4
E02000406,Haringey 010,20.24,25.72,26.62,19.07,8.34,156.5,13.2,14.3,21.9,27.4,55.6,13.8,18.6,26.2
E02000407,Haringey 011,23.73,23.21,26.16,18.38,8.52,144.8,14.1,12.8,20.6,33.1,41.6,11.2,34.1,30.1
E02000408,Haringey 012,25,25.24,23.25,18.37,8.15,152.8,15.9,12.2,25,28,42.8,10,33.3,29.1
E02000409,Haringey 013,22.78,23.33,23.66,21.05,9.18,92.4,14.7,12.2,21.8,32.7,45.6,9.1,33.3,30.5
E02000410,Haringey 014,18.6,19.38,27.43,24.62,9.97,89,20.9,22.5,7,33.6,82.4,4.9,3.5,10.4
E02000411,Haringey 015,22.26,27.32,23.67,19.34,7.41,57.9,14.7,12.8,22.3,29.4,42.4,13.6,32,26.9
E02000412,Haringey 016,17.93,27.89,28.49,17.11,8.58,92,11.6,14,16.6,36.5,54.1,12.9,21,32.3
E02000413,Haringey 017,24.01,15.99,24.84,23.85,11.31,61.1,26.1,17.9,11.8,29.9,79.3,6.4,5.4,9.3
E02000414,Haringey 018,21.17,23.33,27.81,19.45,8.24,178.5,16,13.7,18.5,28.1,46.7,12.1,29.6,27.2
E02000415,Haringey 019,16.84,26.14,28.84,18.35,9.83,99.2,12.9,18.9,11.4,31.7,58.6,14.8,14.7,31.6
E02000416,Haringey 020,18.3,20.92,31.7,20.27,8.81,120.8,12.8,21.3,14.8,37.6,66.1,7.7,14.4,14.1
E02000417,Haringey 021,17.44,18.68,29.78,22.78,11.32,61.9,19.4,22.1,7.5,32.7,83.2,4.1,4.9,9
E02000418,Haringey 022,18.9,15.25,25.54,28.01,12.31,77.9,23.8,24.9,8.4,27.7,84.2,4.7,4.5,5.5
E02000419,Haringey 023,15.26,29.22,31.59,16.27,7.67,130.1,13.4,18.5,11.8,31.7,63.9,12.9,12.1,28.6
E02000420,Haringey 024,19.98,23.24,27.54,20.68,8.56,129.2,13,13.4,15.8,36.2,50.6,11.9,24.9,31
E02000421,Haringey 025,20.87,25.74,27.87,17.7,7.82,92,13.3,11.8,20,34.9,43.6,10.1,32.9,29.6
E02000422,Haringey 026,21.57,22.93,29.57,17.7,8.23,146.7,15.5,12.5,17.6,31.2,48,12.2,27.7,30.9
E02000423,Haringey 027,14.43,29.53,30.13,17.14,8.76,124.6,12.6,17.1,11.2,27.2,61.6,13,13.8,28
E02000424,Haringey 028,18.12,22.17,30.77,21.88,7.06,108.9,17.7,21.6,11.8,33,73.3,5,11.6,10
E02000425,Haringey 029,35.52,19.2,23.14,15.52,6.63,134.5,29.5,13.9,12.8,24.3,65.4,6.9,13.9,25.2
E02000426,Haringey 030,17.2,16.85,28.17,23.16,14.62,30,17.8,22.6,8.8,32.3,77.9,7.9,5.5,8.7
E02000427,Haringey 031,14.15,30.41,31.57,16.66,7.21,64.9,12.9,19.6,9.8,32.5,66.4,10.1,12.1,24.2
E02000428,Haringey 032,21.28,25.31,26.36,18.9,8.16,121.7,14.7,12.4,18.3,33.5,51.4,8.4,28.2,28.3
E02000429,Haringey 033,16.67,16.61,32.37,23.8,10.55,70.5,18.5,25.4,5.2,38,82.7,5.5,4.3,9.4
E02000430,Haringey 034,14.95,22.27,35.14,20.98,6.66,113.6,14.7,24.2,6.7,37.3,79.3,5.5,5.8,8.1
E02000431,Haringey 035,13.64,23.01,35.35,18.59,9.41,109.5,14.3,24.5,5.6,36.6,82.9,6,3.5,10.2
E02000432,Haringey 036,15.06,25.84,33.19,19.14,6.77,120.9,12.1,22.2,10.4,33.8,72.5,5.7,12.7,12.1
E02006794,Haringey 037,27.28,20.41,26.14,18.08,8.09,107.1,15.1,10,24.3,34.8,39.9,7.3,39.2,31.6
E02000433,Harrow 001,15.31,15.16,18.98,23.32,27.23,12.3,16.4,20.3,7.3,32.6,60.2,29.5,4.9,10.2
E02000434,Harrow 002,19.25,18.68,20.13,24.64,17.3,45,20.3,22.1,9.6,24.7,49.5,35.8,7.7,16.5
E02000435,Harrow 003,18.96,17.56,21.02,23.79,18.66,41.9,21,21.2,11.4,24.5,53,30.6,8.7,11.8
E02000436,Harrow 004,17.36,14.96,15.5,30.4,21.77,12.2,24,26.5,6,19.5,56.6,35.6,3.2,8.1
E02000437,Harrow 005,19.42,18.48,19.08,25.61,17.42,62.2,20.9,22.1,12.3,24.6,51.8,31.6,8.6,14
E02000438,Harrow 006,20.39,18.28,20.1,24.16,17.07,45.6,22,19.9,12.5,27,54.6,30.1,7.9,13
E02000439,Harrow 007,19.72,23.02,22.57,22.46,12.23,78.5,21.1,19,12.5,21.3,38.1,43.4,11.3,28.6
E02000440,Harrow 008,20.84,18.85,20.64,26.3,13.37,64.2,27.8,24.6,9.7,14.9,42.3,45.9,5.7,16.4
E02000441,Harrow 009,18.36,15.77,21.34,25.86,18.66,29.4,18.6,21.6,12.7,29.3,55.4,32.5,6.4,10.8
E02000442,Harrow 010,21.66,23.28,22.62,22.65,9.79,77.5,25,20.1,11.8,12.6,25.6,61.4,7.1,32.5
E02000443,Harrow 011,23.17,21.68,23.7,20.39,11.07,97.5,22.8,16.8,15.5,23.9,36.9,39.1,14.7,23.8
E02000444,Harrow 012,21.37,20.56,22.16,23.52,12.4,79.1,26,21,11.7,17.2,27.5,59.7,6.8,28.5
E02000445,Harrow 013,21.97,21.58,24.88,21.02,10.55,83.3,20,18.1,16.4,23.4,36.8,40,15,24.8
E02000447,Harrow 015,19.75,17.85,20.67,27.16,14.57,33,25.9,23.6,10.1,18.9,46.7,38.2,7.7,14.3
E02000448,Harrow 016,19.29,13.42,20.43,26.62,20.24,39.4,23,22.6,7.7,28.4,69.7,21.8,3.1,8
E02000449,Harrow 017,18.95,23.61,21.75,23.73,11.96,91.5,21.4,20.3,13.5,17.6,26.7,60.9,6.8,30.6
E02000451,Harrow 019,17.97,17.63,20.31,27.33,16.76,41.3,25.2,25.1,7.3,20.6,46.4,43,4.8,11.1
E02000452,Harrow 020,18.51,25.27,30.13,17.29,8.8,73.6,20.5,20.8,9.5,25.3,41.5,41.4,9,24.8
E02000453,Harrow 021,20.1,20.84,25.41,22.38,11.27,74.7,22.8,21.8,9.5,24.6,43.1,39.6,8.5,20.4
E02000454,Harrow 022,21.25,14.33,20.59,27.28,16.55,45.2,30.5,24.2,8.3,18.2,57.2,35.5,2.5,9.5
E02000455,Harrow 023,16.34,25.19,27.87,18.43,12.18,66.1,18,21.9,9.7,30,40.4,42.8,8.6,21.4
E02000456,Harrow 024,19.79,20.13,24.93,22.88,12.27,76.3,23.8,21.9,10.6,22.5,46.1,38.3,8.2,18.2
E02000457,Harrow 025,20.35,16.98,20.8,25.72,16.15,54.6,25.6,24.7,8.5,18.6,42.7,44.6,6.4,15.6
E02000459,Harrow 027,22.28,19.76,25.46,21.36,11.14,71,21.8,17.5,13.7,28.5,35,43.3,12.4,26.1
E02000460,Harrow 028,24.9,20.59,23.7,21.39,9.42,77.1,26,16.3,18.5,20.9,31,47,14.7,26.5
E02000461,Harrow 029,20.37,22.79,25.92,20.01,10.91,26.9,21.3,24,7.2,30.8,55.9,31,5.6,14.3
E02000462,Harrow 030,21.7,19.92,22.84,22.8,12.74,67.6,23.8,19.2,10.2,22.1,32.5,49.7,10.1,27.3
E02000463,Harrow 031,24.24,19.65,21.5,24.64,9.98,91.6,26.1,19.9,15.7,19.3,37.1,42.7,12.6,24.2
E02006795,Harrow 032,21.16,19.12,23.14,24.14,12.44,84.4,28.4,21.9,9.1,17,30.5,57.7,5.8,25.8
E02006882,Harrow 033,17.96,22.08,20.06,25.77,14.13,67.1,22.8,24.4,9.9,13.8,27.1,60.3,7.3,24.1
E02000464,Havering 001,21.78,16.9,19.45,24.03,17.84,11.2,18.8,20.1,14.8,32.2,89,2.8,5.8,2.5
E02000465,Havering 002,22.55,18.79,21.97,23.78,12.91,28.8,19.8,19.4,15.6,33.3,88.6,2.7,6.6,3.6
E02000466,Havering 003,21.66,18.56,19.09,25.04,15.65,13.3,19.9,22.8,16.4,26.1,87.6,3.9,5.7,2.4
E02000467,Havering 004,23.75,20.32,21.97,22.08,11.88,72.3,18.4,15.5,17.6,38,83,2.8,10.2,4.4
E02000468,Havering 005,19.53,17.1,19.34,26.05,17.98,19.5,20.1,24.5,13.4,26.7,88.8,3.9,4.9,2.8
E02000469,Havering 006,21.4,16.78,21.56,24.03,16.23,38.4,17.6,19.5,16.7,31.6,83,4,10,4.5
E02000470,Havering 007,15.99,15.95,20.24,27.64,20.19,11.7,17.7,26.7,8.4,31.8,90.9,3.9,3,2.5
E02000471,Havering 008,16.25,14.9,15.62,30.92,22.3,34.8,21,28.6,8.3,22.5,92.4,3.2,2.6,1.4
E02000472,Havering 009,19.15,16.83,19.95,26.82,17.25,58.7,23.3,25.6,10.6,25,89.2,4.7,4.1,2.6
E02000473,Havering 010,18.56,17.61,20.37,25.8,17.66,33.8,23,24.8,10.3,26.2,88.8,5.7,3.4,1.8
E02000474,Havering 011,20.56,18,21.59,23.56,16.29,38.5,19.4,22,14.4,30.6,86.8,4.8,5.2,3.2
E02000475,Havering 012,16.71,18.64,19.73,26.75,18.17,32.9,19,25.8,9.3,30.4,88.9,5.9,2.4,1.9
E02000476,Havering 013,17.8,24.26,24.26,19.46,14.23,55.6,14,19.6,12,42,79.4,9.3,6.9,8.3
E02000477,Havering 014,17.83,16.05,19.89,28.48,17.75,53.8,22.7,27.8,8.7,24.4,91.1,4.9,1.8,1.5
E02000478,Havering 015,14.46,17.49,13.44,31.25,23.36,23.7,19.4,29.4,5.4,20.8,74.9,19,3.3,2.7
E02000479,Havering 016,18.13,21.28,24.61,23.47,12.5,60.7,18.6,21.9,12.6,35.3,84.6,7.1,4.8,6.2
E02000480,Havering 017,21,20.06,22.38,23.27,13.29,30.2,21.4,21.7,14.7,27,75.4,10.6,9.6,6.7
E02000481,Havering 018,16.64,14.95,16.93,26.45,25.04,6.4,20.7,22.2,9.8,29.9,95.3,2.1,0.9,1.4
E02000482,Havering 019,17.14,13.91,16.71,28.56,23.67,22.6,24,25.2,5.4,25.3,94.1,3.5,0.9,1.5
E02000483,Havering 020,16.1,16.84,18.2,27.24,21.62,47.6,18.2,22.4,9.8,35.9,93.5,2.7,1.7,1.8
E02000484,Havering 021,17.66,18.75,17.95,30.53,15.11,44.6,24.1,26.9,9.3,24.8,90.2,4.2,3.1,2
E02000485,Havering 022,17.73,16.83,20.67,25.48,19.28,38.7,20.6,23.6,10.9,29.6,92.3,3.4,1.9,2.3
E02000486,Havering 023,15.9,16.81,18.59,28.66,20.05,57.7,18.7,27,10.5,27.9,91.1,3.7,3,2.4
E02000487,Havering 024,17.28,13.73,15.57,31.34,22.08,6.1,25.8,30.3,5.2,19.9,96.2,1.7,0.7,0.5
E02000488,Havering 025,16.26,16.66,17.1,30.88,19.1,40.5,21.8,29.2,9,23.6,93.2,3.2,2.2,1.6
E02000489,Havering 026,18.56,17.85,18.56,27.41,17.63,30.6,19.1,23.8,13.7,27.1,84.7,6.4,6.7,3.5
E02000490,Havering 027,18.66,16.58,17.91,26.03,20.81,38.3,18.8,23.5,14.1,27.1,87.5,3.3,6.4,2.5
E02000491,Havering 028,21.79,17.83,19.67,24.76,15.95,18.5,18.3,19.7,15.5,31.1,81.8,4,10.8,4.1
E02000492,Havering 029,15.85,16.65,15.96,28.95,22.59,4.5,18.4,26.6,10.2,26,90.9,3.1,4,1.5
E02000493,Havering 030,22.17,19.76,21.37,24.28,12.42,48.7,19.8,21.9,17.3,27.9,77.7,6.7,11.2,4.7
E02000494,Hillingdon 001,16,13.75,18.73,29.9,21.62,12,20.2,24.2,7.2,29.3,60.2,32.3,2.3,7.8
E02000495,Hillingdon 002,17.3,16.35,23.84,24.48,18.03,35.5,18.8,21.4,9.6,34.6,68.6,23.2,3.3,10.6
E02000496,Hillingdon 003,19.25,15.27,21.94,26.53,17.02,4.9,19.8,24.2,11.4,29.9,87.5,6.7,2.3,3.8
E02000497,Hillingdon 004,19.49,15.17,21.89,26.51,16.94,32.6,23.3,22.4,10.7,27.7,73.1,18.9,2.5,5.1
E02000498,Hillingdon 005,18.94,15.43,19.6,28.41,17.62,19.4,20.1,24.9,10.2,30.9,86,7.4,1.8,2.7
E02000499,Hillingdon 006,18.69,15.14,18.33,28.09,19.76,48.5,23.7,25.1,8.2,23.6,76.9,16.3,2.1,6
E02000500,Hillingdon 007,16.7,16.1,19.02,28.92,19.26,27,21.9,27.8,6.4,24.5,81.7,12.3,1.2,5.4
E02000501,Hillingdon 008,20.19,15.73,21.55,26.7,15.84,57.6,25.2,24.8,10.3,24.3,81.2,11.9,2.7,4.2
E02000502,Hillingdon 009,19.86,17.13,25.23,22.26,15.51,18.9,22.3,24.6,10.9,27.6,78.7,12.8,3.2,6.4
E02000503,Hillingdon 010,19.98,18.71,24.59,24.84,11.89,66,27.1,27.2,10,21.1,83.2,9.5,2.7,4.2
E02000504,Hillingdon 011,18.95,13.05,19.57,27.87,20.56,24.1,25.4,25,6.5,24.1,82.4,11.9,1.5,3.4
E02000506,Hillingdon 013,16.6,16.5,17.61,30.01,19.28,13.9,23.8,28.1,5.6,21.5,67.9,23.2,2.4,5.6
E02000507,Hillingdon 014,23.47,19.65,22.12,23.68,11.08,29.8,27.9,22.6,14.2,18.6,68.7,19.8,4.6,7
E02000508,Hillingdon 015,12.61,42.33,18.87,16.42,9.77,35.8,17.3,22.3,9.3,35.3,64.8,19.6,8,10.6
E02000509,Hillingdon 016,13.17,44.87,18.89,15.11,7.95,51.9,16.2,20.5,10.5,32.2,57.7,25.5,8.1,12.9
E02000510,Hillingdon 017,19.42,21.37,21.04,23.95,14.21,41.3,21.5,22.5,11.3,23.5,64.3,22.9,5.5,10
E02000511,Hillingdon 018,21.55,21.71,20.36,23.3,13.09,40.4,25.8,20.2,13.8,19.4,57.7,26.2,8.6,12.7
E02000512,Hillingdon 019,21.91,23.38,21.76,20.97,11.97,58,20.5,17.9,18.1,25.8,59.3,23,10.5,11.9
E02000513,Hillingdon 020,27.66,20.59,24.8,18.63,8.32,61.1,22.9,15,21.2,25,44,28.8,18.3,21.7
E02000514,Hillingdon 021,23.52,22.14,23.13,21.19,10.02,84.3,26.2,19.5,12.4,17.3,28.7,52.6,10.4,26.2
E02000515,Hillingdon 022,19,26.83,24.1,20.13,9.94,34.3,17.2,20.9,12.9,32,69.6,16,7.3,12.1
E02000516,Hillingdon 023,24.91,21.39,25.34,21.05,7.3,51.7,24.1,19.7,17.7,19.3,32.9,44.4,11.9,22.8
E02000517,Hillingdon 024,25.52,21.83,22.42,20.66,9.58,58.4,23.9,17.6,18,22.2,43.8,33.3,15,20.9
E02000518,Hillingdon 025,22.74,21.32,23.34,21.17,11.42,34.7,21.3,19.8,17.5,23.4,67.8,19.6,6.5,8.9
E02000519,Hillingdon 026,23.38,23.82,21.97,20.54,10.3,49.6,22.6,16.7,16.1,24.5,37,41.1,12.9,22.6
E02000520,Hillingdon 027,23.39,23.79,23.25,20.26,9.31,27.1,21.8,16.9,17,21.7,36.6,42.1,14.4,24.6
E02000521,Hillingdon 028,25.97,21.72,24.01,20.05,8.25,42.7,24.2,17.7,18.1,22,51.6,29.4,11.2,16.2
E02000522,Hillingdon 029,23.88,19.85,23.32,20.69,12.26,56.7,20.3,19.8,17.1,24.9,66.3,17.8,8.2,12
E02000523,Hillingdon 030,24.76,23.12,23.99,19.66,8.47,61.4,24.8,16.8,15.6,17,27.8,53.2,11.4,26.9
E02000524,Hillingdon 031,17.6,22.02,26.2,22.63,11.54,3.4,17.6,21.3,11.7,28.9,60,24.7,7.2,14.5
E02000525,Hillingdon 032,23.56,21.23,26.91,19.33,8.97,22.6,21.5,18.1,15.1,23.9,38.4,41.8,11,25.2
E02006796,Hillingdon 033,20.89,17.8,24.58,22.66,14.07,20.5,22.5,22.7,13.6,26,72.1,16.5,5.3,9.3
E02000526,Hounslow 001,17.61,18.64,27.99,24.47,11.29,90.6,19.5,23.8,6.1,31.6,83.3,7.4,2.8,10.4
E02000528,Hounslow 003,19.91,21.58,26.98,21.51,10.02,46.5,13.6,18.6,16.7,36.9,62.7,15.1,11.6,18.6
E02000529,Hounslow 004,22.01,23.38,23.82,21.18,9.62,72,23.1,17.9,14.3,21.8,22.6,58.8,7.8,31.1
E02000530,Hounslow 005,25.33,22.74,22.44,20.3,9.19,25.4,22.3,14.3,19.4,24.1,26.9,51.4,13.5,31.5
E02000531,Hounslow 006,14.93,26.57,26.07,22.05,10.38,40.2,15.3,21.6,10.5,37.4,71.7,12.8,7.3,15.4
E02000532,Hounslow 007,19.48,16.39,25.44,26.76,11.94,40.1,19.7,21.3,9.5,35,78.4,8.1,5.4,11.1
E02000533,Hounslow 008,18.45,16.88,28.35,24.51,11.81,78.5,19.5,20.4,8.9,36.3,81.3,7.3,4.3,9.5
E02000534,Hounslow 009,18.78,21.61,26.9,21.22,11.49,16.8,22.1,22.1,8.2,23.8,47.2,39.1,4.1,17.2
E02000535,Hounslow 010,19.69,23.41,22.65,22.29,11.97,60.2,21,19.7,11,18.1,20.1,68.4,4.4,27.2
E02000536,Hounslow 011,20.17,24.12,23.29,21.03,11.38,58.6,22.4,19,13,19.6,23.4,62.7,5.7,28.6
E02000537,Hounslow 012,17.05,24.72,25.77,20.13,12.33,46.9,21.4,19.6,8,19.6,27.7,61.8,3.2,27.3
E02000538,Hounslow 013,20.79,25.73,23.5,20.33,9.64,38.3,21.3,17.6,14.5,17.6,21.9,63.4,7.3,32.3
E02000539,Hounslow 014,21.45,19.73,30.25,19.76,8.81,66.5,20.5,21.4,13.2,29.6,64.7,18.9,7.3,15.1
E02000540,Hounslow 015,18.46,23.73,26.13,20.25,11.43,76.8,20.4,18.6,9.6,29.7,45.5,40.9,6.3,24.3
E02000541,Hounslow 016,19.61,26.11,22.58,20.51,11.2,84.3,17.7,16.5,14.1,21.4,26.2,58.8,7.6,33
E02000542,Hounslow 017,19.84,25.71,25.47,18.49,10.49,96.3,20.7,16.8,12.3,24,27.4,59.9,6,31.3
E02000543,Hounslow 018,20.36,26.02,29.87,16.46,7.28,107.5,23.4,19.5,11.5,22.3,34.2,54,5,33.6
E02000544,Hounslow 019,18.92,21.01,21.97,25.58,12.53,60.5,23.2,21.7,10.2,20.9,51.2,37.2,4.3,17.4
E02000545,Hounslow 020,21.48,19.89,26.28,22.58,9.78,63.7,18.2,21,15.3,29.9,63.5,17.2,11.4,15.6
E02000546,Hounslow 021,22.94,24.38,25.2,19.18,8.3,40.4,25.2,17.7,13.9,18.6,24.5,61.3,6.9,32.5
E02000547,Hounslow 022,21.12,20.34,23.84,22.31,12.39,29.7,21.5,19.5,13.8,26.4,60.2,27.2,6.4,16.2
E02000548,Hounslow 023,22.49,21.58,22.87,22.2,10.86,26.4,19.1,20.9,15,28.7,67.3,19.5,7.4,15.1
E02000549,Hounslow 024,20.04,20.78,22.37,23.55,13.26,45.4,21.5,20.3,13.8,23.4,62.7,25.8,4.9,15.7
E02000550,Hounslow 025,25.81,21.43,27.49,18.99,6.28,112.5,25.2,19.7,17.4,23.4,61.4,22.8,9,19.5
E02000551,Hounslow 026,24.94,20.63,23.39,20.95,10.09,41.4,20,16.2,19.1,29.6,63.8,19.2,9.7,16.2
E02000552,Hounslow 027,21.93,22.53,27,19.91,8.63,28.1,24.7,22.4,13,26.8,71.8,15.1,6.8,13.8
E02000553,Hounslow 028,21.44,19.17,22.38,24.19,12.82,26.3,20.5,21.1,14.4,27.8,73.7,13.7,5.7,10.1
E02006792,Hounslow 029,13.7,22.4,30.59,20.3,13.01,58.7,13,22,6.5,40.5,75.7,11.7,3.8,15.6
E02000554,Islington 001,19.78,22.94,27.92,21.29,8.07,146.9,11.7,14.6,18.4,40,60.6,7.6,19.8,14.7
E02000555,Islington 002,18.44,24.65,26.78,20.54,9.6,158.3,13.7,17.8,15.5,33.8,68.1,7.6,14.4,12.9
E02000556,Islington 003,16.15,27.37,29.13,19.7,7.65,154.7,10.7,18.8,13.8,37.1,66.2,8.8,15.1,15.2
E02000557,Islington 004,15.73,23.97,28.53,20.16,11.61,116.6,9.9,17.1,13.7,42.1,68.6,7.9,12.5,13.7
E02000558,Islington 005,23.29,24.17,24.18,19,9.36,187.2,12.4,12.2,20.2,39.2,48.1,10.8,27.6,24.7
E02000559,Islington 006,15.31,29.6,30.95,17.03,7.11,157.6,13,23.8,10,31.3,72.6,8.3,11,11.6
E02000560,Islington 007,11.81,35.56,29.47,15.55,7.62,144.2,8.2,19.5,9.5,37,68.2,10.9,10.2,17.7
E02000561,Islington 008,15.44,25.36,28.35,21.77,9.09,128,14.8,20.8,8.9,36.4,78.5,6.9,6.2,9.9
E02000562,Islington 009,18.12,23.39,28.99,19.54,9.96,124.2,13.2,19.4,13,38.1,70.5,6.7,13.2,12.8
E02000563,Islington 010,16.78,28.42,26.37,19.08,9.34,148,9.9,16,15.2,38.5,65.8,7.7,16.3,15.6
E02000564,Islington 011,13.05,34.49,30.31,15.68,6.46,133.4,8.1,19.3,11.7,37,66.6,10.7,12,16.7
E02000565,Islington 012,19.56,27.25,27.68,17.56,7.95,161.5,11.4,16.5,15.7,38.2,62.2,7.3,17.9,15.3
E02000566,Islington 013,15.04,25.73,30.11,20.73,8.39,119.2,13.5,23.7,9.1,35,77.3,6.6,7.6,10.2
E02000567,Islington 014,15.68,26.12,31.15,18.7,8.36,159.6,9.4,20.6,14,37.8,72.4,6.2,10.6,10.4
E02000568,Islington 015,15.76,33.28,25.05,16.49,9.42,111.9,8.7,12.7,16.4,42.9,62,11.7,15.7,18.6
E02000569,Islington 016,17.05,24.74,27.77,19.81,10.64,145.5,10,18.3,15.7,39,72.4,7.1,11.3,11.8
E02000570,Islington 017,13.66,27.44,29.77,21.09,8.03,149.1,11.2,26.3,8,36.3,81.3,6.3,5.5,8.9
E02000571,Islington 018,16.51,25.9,27.59,19.7,10.3,163.6,10,17.3,16.2,38.4,71.5,7.5,11.6,11
E02000572,Islington 019,19.15,32.84,21.01,17.05,9.95,188.6,10.4,13.3,18.7,36.8,55.6,17.2,16.8,18.6
E02000573,Islington 020,12.21,28.76,29.72,20.04,9.27,124.6,9.2,24,8.9,39.6,79.5,8,5.6,11.7
E02000574,Islington 021,11.73,33.56,28.15,18.28,8.28,144.7,8.1,20.9,9.7,41.3,69,12.8,9.2,14.7
E02000575,Islington 022,10.77,38.99,26.6,16.77,6.88,132.9,7,19.6,9.2,48.1,69.1,14.7,8.4,18
E02000576,Islington 023,16.49,31.77,25.54,17.12,9.08,129.9,9.3,14.6,14.5,42.3,64.2,11.3,14.3,17.4
E02000577,Kensington and Chelsea 001,20.31,20.68,24.17,23.86,10.97,82.9,12.2,14.9,19.3,38.3,43.8,9.2,24.4,21.9
E02000578,Kensington and Chelsea 002,21.47,20.66,22.94,23.37,11.56,112.2,14.3,12.1,21.1,38.3,55.5,8.1,17.1,18.4
E02000579,Kensington and Chelsea 003,17.5,19.14,26.67,25.28,11.41,138,13,16.4,12.9,42,68.9,6.7,10.7,15.9
E02000580,Kensington and Chelsea 004,13.66,21.93,30.48,24.44,9.5,211.7,7.8,17.2,12.9,49.3,63.2,7.1,14.9,17.6
E02000581,Kensington and Chelsea 005,19.73,20.32,21.38,24.27,14.31,172,12.4,13.3,17.9,43.3,54,8.5,18.8,18.5
E02000582,Kensington and Chelsea 006,13.32,21.93,31.96,20.94,11.84,148.6,11,19.6,4.9,51,77.9,8.9,3.9,21.4
E02000583,Kensington and Chelsea 007,16.87,18.53,27.87,25.22,11.52,123.7,14.2,21.1,7.2,42.2,79.8,6.2,4.2,15.8
E02000584,Kensington and Chelsea 008,15.59,18.22,30.47,23.17,12.55,87.7,15,21.6,4.2,44.1,78.6,9,2.2,19.7
E02000585,Kensington and Chelsea 009,17.57,18.46,29.29,23.5,11.18,91.1,14.5,19.1,8.2,40.3,67.4,11.4,4.5,23
E02000586,Kensington and Chelsea 010,15.78,22.1,30.84,21.42,9.86,142.5,15,19.9,3.6,44.8,73,13.4,2.1,25.6
E02000587,Kensington and Chelsea 011,16.39,18.46,28.07,24.39,12.68,138.7,15.3,21.8,4.9,40.9,73.8,11.6,1.2,25.5
E02000588,Kensington and Chelsea 012,12.66,20.82,29.88,23.67,12.97,108.7,10,20,3.5,51.1,79.3,8.8,1.4,27.1
E02000589,Kensington and Chelsea 013,12.43,29.54,32.07,17.7,8.25,219.7,10.8,16.2,4.2,51.8,64.8,18.7,3.4,31.7
E02000590,Kensington and Chelsea 014,13.17,22.12,24.95,24.42,15.34,152.2,8.7,15.4,8.4,54.6,71.2,11.2,4.6,27.3
E02000591,Kensington and Chelsea 015,12.57,24.55,31.56,21.86,9.45,179.8,8.4,18.8,7.9,49.6,59.5,16.8,5.8,31.6
E02000592,Kensington and Chelsea 016,14.39,21.31,32.7,20.74,10.86,116.9,12.7,20.6,3.2,50.1,79.3,10.5,1.3,28.6
E02000593,Kensington and Chelsea 017,13.48,23.18,33.04,20.26,10.03,143.7,10.6,18.6,6,48.2,75.1,10.8,3.6,28.4
E02000594,Kensington and Chelsea 018,12.85,14.85,25.03,27.16,20.1,95.9,10.9,20.4,5.4,49.7,84.6,6,2.2,18
E02000595,Kensington and Chelsea 019,14.02,17.58,27.4,24.64,16.36,116.1,12.1,18.3,4.9,49.8,82.9,6.6,2.4,19.9
E02000596,Kensington and Chelsea 020,13.69,25.13,29.47,20.98,10.73,140.9,12.8,18.7,5.8,45.1,82,8.7,1.9,21.2
E02000597,Kensington and Chelsea 021,16.86,20.07,25.15,25.12,12.81,179,12,13.8,14,44.7,63.9,11.6,8.5,21.4
E02000598,Kingston upon Thames 001,23.64,12.85,22.52,27.46,13.53,59.7,31.6,21.8,8.7,23.8,82.2,9.8,1.2,8.1
E02000599,Kingston upon Thames 002,18.76,22.89,15.65,26.62,16.08,17.7,27.7,23.2,6.8,19.5,63.7,22.7,2.9,14.7
E02000600,Kingston upon Thames 003,19.84,22.89,27.26,19.08,10.93,78.5,21.8,20.8,9,28.9,71.9,15.6,3.3,14.6
E02000601,Kingston upon Thames 004,22,20.06,29.36,19.89,8.69,100.7,27,22.7,8.3,28.4,78.8,10.9,1.9,10.5
E02000602,Kingston upon Thames 005,16.82,30.67,25.4,17.47,9.65,91.5,16.9,19.2,10.7,34,71.4,15,5.5,14.1
E02000603,Kingston upon Thames 006,22.14,22.34,22.99,22.52,10.01,60.5,24.7,19.6,14.3,22.5,63.6,24.3,4,17.4
E02000604,Kingston upon Thames 007,20.74,17.91,24.74,23.97,12.64,56.8,25,20.9,8.6,26.7,63.6,28.4,2,18.6
E02000605,Kingston upon Thames 008,19.88,16.19,22.74,26.63,14.56,56,25.7,22.4,7.9,26.9,69.4,23,1.5,13.1
E02000606,Kingston upon Thames 009,11.14,32.45,29.42,17.28,9.72,70,12.2,23.3,4.8,39.5,76.6,13.4,2.3,12.8
E02000607,Kingston upon Thames 010,16.97,29.07,23.15,20.12,10.69,48.3,24,22.3,6.8,29.3,83,9.2,2.4,7
E02000608,Kingston upon Thames 011,11.1,33.29,32.28,14.84,8.49,86.5,12.2,26.9,5.2,42,78,12.4,3.5,9.9
E02000609,Kingston upon Thames 012,20.52,16.23,19.13,26.84,17.28,51,23.8,22,10.1,24,59.3,31.7,2.3,15.4
E02000610,Kingston upon Thames 013,13.53,24.01,30.29,18.05,14.12,70.5,13.3,23.7,6.2,42.7,79.5,12,2.7,8.5
E02000611,Kingston upon Thames 014,20.05,14.41,18.65,29.35,17.54,41.1,27.9,27.5,5.4,19.7,77.7,15.5,1.3,6
E02000612,Kingston upon Thames 015,18.25,15.76,20.5,28.61,16.88,43.2,23.4,26.6,8,23.2,72.8,19.5,1.4,9.3
E02000613,Kingston upon Thames 016,19.7,17.92,27.29,21.53,13.56,66.1,23.8,23.3,9,28.6,80.9,10.6,2.7,8.2
E02000614,Kingston upon Thames 017,21.35,20.57,22.33,24.1,11.65,29,23.5,20.9,13.5,22.8,64.7,26.8,2.8,14.9
E02000615,Kingston upon Thames 018,19.77,16.05,22.54,26.52,15.13,46.7,24.8,23.6,10.1,24.3,83.2,10.4,2.4,7
E02000616,Kingston upon Thames 019,20.3,16.98,24.13,25.53,13.07,46.5,24.1,27.5,11.1,22.7,88.4,6.4,1.4,4.4
E02000617,Kingston upon Thames 020,22,17.93,22.3,24.46,13.31,12.4,24.7,22.1,13.6,25.4,84.6,8.1,2.2,6.2
E02000619,Lambeth 002,17.49,24.03,25.47,22.68,10.33,151.9,9.5,13.7,16,42.6,52.7,7.4,29.4,16.6
E02000620,Lambeth 003,16.94,27.02,29.26,18.96,7.81,134.3,9.2,16.1,15.3,38.4,58.9,6.6,24,16
E02000621,Lambeth 004,12.94,29.89,31.47,18.59,7.11,146.2,7.4,17.6,10.1,43,62.7,8.7,18.6,21.1
E02000622,Lambeth 005,14.91,32.79,28.19,17.42,6.68,107.4,9.4,17,12.8,33.5,60.3,5.6,23.9,13.9
E02000623,Lambeth 006,19.57,23.72,27.1,21.14,8.47,177.3,12.5,14.9,18.7,32.9,53.3,6.2,29.9,20.9
E02000624,Lambeth 007,17.85,29.24,25.83,20.12,6.96,144.2,9.9,13.2,17.6,35.3,48.4,5.8,34.3,16
E02000625,Lambeth 008,20.88,28.38,26.29,18.3,6.15,152.9,11.8,12,21.2,31.5,49.1,6.9,33.4,24.3
E02000626,Lambeth 009,24.13,24.31,23.96,21.26,6.34,152.3,12.1,9.6,23.3,36.4,35.3,4.6,48.3,18.9
E02000627,Lambeth 010,16.02,34.79,27.26,14.97,6.96,182.2,9.2,15.1,15.5,31.3,56.6,5.2,27.8,15.9
E02000628,Lambeth 011,21.19,26.4,25.29,19.98,7.14,148.9,11.4,11.5,20.1,35,39.2,6.6,41.7,23.4
E02000629,Lambeth 012,13.38,34.3,30.81,15.52,5.99,145,10.4,19.1,9.1,32.4,70.6,4.9,16.6,10.8
E02000630,Lambeth 013,14.15,31.53,29.82,17.55,6.95,108.4,10.6,20.7,9.5,35.3,74.3,4.7,13.5,8.5
E02000631,Lambeth 014,18.24,23.15,30.67,19.67,8.27,85.9,15.6,18,11.5,31.7,62.7,6.4,20.1,13.9
E02000632,Lambeth 015,9.2,43.5,29.79,12.21,5.31,180.7,6.5,19.3,8.7,30,70.3,4.3,17.5,8.8
E02000633,Lambeth 016,17.89,28.52,28.44,18.13,7.01,141.3,8.4,13.8,15.8,38.9,50,5.5,34.1,14.3
E02000634,Lambeth 017,14.87,33.51,25.64,17.32,8.66,132.7,8,14.5,15,35.6,60.7,5.3,25.3,12
E02000635,Lambeth 018,17.15,26.41,31.93,19.01,5.5,75.2,11.1,18.3,14.9,35.4,54,4.2,31.2,10.7
E02000636,Lambeth 019,17.08,27.78,32.49,16.42,6.23,86.1,18.1,23.7,6.4,25.7,81.7,4.9,7.8,6.4
E02000637,Lambeth 020,14.02,28.91,33.27,17.09,6.71,152.9,10.8,18.4,9.4,35.5,63.2,4.3,22.2,12.3
E02000638,Lambeth 021,17.52,27.38,30.7,16.75,7.65,148,11.6,13.5,15.9,34.6,53.4,5.6,29.8,14.9
E02000639,Lambeth 022,22.63,24.61,26.91,19.46,6.39,134.7,12.5,12,21.7,34.4,44.3,5.3,37.4,21.5
E02000640,Lambeth 023,17.37,27.52,30.9,15.81,8.4,114.5,16,20.7,10.1,28.5,71.6,6.4,14.6,8.2
E02000641,Lambeth 024,24.56,23.27,25.65,19.23,7.29,146.4,12.3,10.2,26.4,31.7,38.3,4.7,44.8,16.8
E02000642,Lambeth 025,20.96,19.87,29.42,20.38,9.37,88.6,16.6,18.3,15,33.7,62.1,5.7,21.8,10.2
E02000643,Lambeth 026,19.15,23.2,31.21,18.52,7.91,123.3,13.8,17.6,12.9,34.2,62.5,7.3,21,14.8
E02000644,Lambeth 027,19.97,21.79,30.27,19.69,8.29,97.2,16.7,16.8,14.2,32.7,59.1,6.5,23.2,14.6
E02000645,Lambeth 028,21.12,20.19,31.85,19.72,7.12,82.3,17.9,19,14.2,32.9,61.5,5.9,22.7,13.2
E02000646,Lambeth 029,14.89,26.49,31.22,18.19,9.21,100.4,13,20.1,9.1,32.7,63.9,12.3,14.6,15.8
E02000647,Lambeth 030,20.44,19.23,26.74,23.03,10.56,87.4,19.2,17.8,13.5,32.2,58.5,7.8,23.1,12.3
E02000648,Lambeth 031,26.98,18.11,27.15,18.6,9.16,114.1,15.1,12.5,24.6,34.5,44.5,4.8,38.5,12.2
E02000649,Lambeth 032,18.36,24.53,33.16,17.79,6.15,113,13.5,18.7,11.9,37.1,60.1,7.8,22.4,19.2
E02000650,Lambeth 033,21.71,18.93,29.77,21.67,7.92,97.6,13.9,18.1,19.7,33.7,56.1,4.5,28.5,10.1
E02000651,Lambeth 034,19.25,22.38,27.38,21.39,9.59,80.3,16.8,17.1,13.5,32.3,54.8,11.2,24.2,16.4
E02000652,Lambeth 035,22.19,21.87,22.63,22.07,11.25,110.9,18.6,15.4,18.3,22.8,40.4,20,30.8,20.9
E02006801,Lambeth 036,10.09,35.23,25.49,20.73,8.46,73.7,7.2,17.3,9,44.6,59.8,19.1,12.6,15
E02000653,Lewisham 001,21.7,29.89,26.71,16.49,5.21,130.3,12,13.5,18.5,34.3,43.8,14.1,32.5,19.8
E02000654,Lewisham 002,24.79,25.65,24.98,17.73,6.85,84.9,12.6,10.6,24,34.6,34,16.9,39.4,21.2
E02000655,Lewisham 003,20.43,28.37,28.5,16.85,5.85,87.5,12.6,15.3,17.1,35.2,42.7,10.9,36.1,17.6
E02000657,Lewisham 005,15.33,34.67,26.47,16.78,6.75,109,10.5,15,13.9,37.3,52.9,9.2,27.3,13
E02000658,Lewisham 006,17.74,27.72,26.73,19.94,7.87,110.7,13.3,16.7,13.2,34.2,56.1,7.6,24.8,14.2
E02000659,Lewisham 007,20.71,20.84,29.36,20.12,8.96,75.6,16.6,20.2,15.3,32.6,63.9,7.7,18.8,10.2
E02000660,Lewisham 008,15.15,27.59,34.27,16.84,6.15,102.9,12.4,21.1,10.9,36.1,61.4,9.3,20.3,11.5
E02000661,Lewisham 009,15.56,18.05,33.36,19.76,13.26,51.2,14.6,21.3,7.2,42.1,76.9,6.9,10,8.2
E02000662,Lewisham 010,21.37,22.81,31.26,18.48,6.07,108.7,16.2,16.4,17.8,30,44.9,7.7,35.3,12
E02000663,Lewisham 011,15.93,27.13,27.36,21.13,8.45,111.4,14,18.7,12.6,30.8,54.1,10.8,24,11.2
E02000664,Lewisham 012,18.43,26.85,28.57,16.98,9.17,72.8,12.1,14.9,15.8,39.7,46.8,13.7,28.6,17
E02000665,Lewisham 013,18.85,20.52,30.36,19.98,10.3,102.2,17.3,19,11.4,36.3,66.4,7.6,17,11.8
E02000666,Lewisham 014,20.68,22.55,27.35,20.15,9.27,78,19.3,16.4,15.2,29.7,55.2,9.5,23.8,10.6
E02000667,Lewisham 015,20.13,18.69,29.74,22.47,8.98,91.4,21.1,20.5,12.6,26.1,58.1,8.7,22.4,7.8
E02000668,Lewisham 016,19.86,17.29,27.08,24.16,11.61,66.9,20.2,20.3,12,31.8,66.2,11.5,15.7,6.7
E02000669,Lewisham 017,18.2,22.13,32.63,19.69,7.36,119.5,14.5,19,13.1,35,50.6,10.7,29.3,11.6
E02000670,Lewisham 018,23.12,19.71,27.89,20.23,9.04,107,16.7,12.8,19,35.8,38.3,9.2,39.6,13.1
E02000671,Lewisham 019,19.08,19.24,31.35,21.16,9.18,85.3,17.4,18.4,13.1,33.7,62.2,6.2,22,8.8
E02000672,Lewisham 020,21.19,21.14,27.22,21.55,8.91,73.8,17,14.1,15,38.5,42.9,9.3,36.4,13
E02000673,Lewisham 021,20.94,16.55,31.01,22.82,8.68,77.5,17.5,21.9,12.8,33.2,65.8,7.7,17.5,9.5
E02000674,Lewisham 022,22.03,18.19,23.04,25.71,11.02,100.4,19.2,17.4,16.7,27.8,44.3,9,36.1,8.7
E02000675,Lewisham 023,19.48,18.6,23.87,25.73,12.32,56.4,17.8,21.2,14.2,30.9,63.9,9.6,17.1,8.8
E02000676,Lewisham 024,20.21,17.71,30.62,22.53,8.92,105.3,18.5,19.7,13.4,31.1,58.8,7.1,23.6,8.3
E02000677,Lewisham 025,20.84,20.39,20.49,26.57,11.71,69.7,18.2,17.3,13.7,30.5,43.4,11.3,34.4,8.8
E02000678,Lewisham 026,26.15,18.53,23.23,21.27,10.81,60.4,18.8,12.6,22.4,32.4,52,7.8,31.4,9.1
E02000679,Lewisham 027,21.15,19.6,26.91,22.18,10.17,84.7,14.9,16.1,17.7,35.8,56.3,7.3,26.3,10.1
E02000680,Lewisham 028,21.32,19.63,27.85,19.57,11.63,92.2,15.2,16.5,17.2,36.1,57,7,26.1,12.3
E02000681,Lewisham 029,23.52,17.87,22.52,24.54,11.55,61.4,16.6,14.7,20.5,33.3,50,7.1,33.6,8
E02000682,Lewisham 030,25.52,18.52,21.37,22.86,11.73,69.6,19.8,15.3,21.4,27.4,47.7,11.4,30.8,10.9
E02000683,Lewisham 031,22.55,19.57,23.03,21.96,12.9,67.3,15.4,15.7,19.5,35.6,60.7,5.7,24.8,9.4
E02000685,Lewisham 033,21.16,17.62,26.83,22.13,12.27,79.8,15.1,16.9,19,36,57.1,6.9,26.1,8.2
E02000686,Lewisham 034,27.14,18.83,24.38,21.12,8.53,39.1,15.8,10.9,24.4,36,47.1,6.8,35.3,10.2
E02000687,Lewisham 035,19.2,20.88,26.09,22.32,11.51,103.3,15.6,17.4,14.6,37.5,59.4,7.3,22.7,9.6
E02006783,Lewisham 037,27.22,18.33,23.13,20.56,10.77,78.3,18.7,13.4,25.4,29.2,58.9,6.7,23.5,8.3
E02006784,Lewisham 038,22.24,18.39,22.05,22.64,14.68,52.3,16.7,13.4,18.6,37.8,57.8,7.9,24.3,8.5
E02006798,Lewisham 039,19.93,28.07,27.07,18.88,6.05,93,11.6,12.6,18.2,38.6,37.6,15.9,37.2,19.7
E02000689,Merton 001,20.95,20.61,29.57,20.19,8.68,41.6,26.4,23.9,7.3,24.3,80.1,11.5,2.9,10
E02000690,Merton 002,19.29,10.61,19.54,28.96,21.61,10.4,23,23.3,5.2,29.5,83.2,10.1,0.9,8.8
E02000691,Merton 003,17.21,23.4,30.19,20.7,8.51,80.6,21,25.7,6.2,29.2,78.7,12.1,3.5,10.1
E02000692,Merton 004,14.27,18.45,30.87,21.34,15.07,69,16,24.9,3.7,40.3,80,13.2,1.4,12.1
E02000693,Merton 005,12.86,28.85,35.39,15.49,7.41,88.8,14.1,27.3,7,31.4,65.4,20.3,7.3,17.3
E02000694,Merton 006,17.65,21.18,35.95,16.76,8.47,116.8,20,25.1,6.6,31.8,76.9,12,4.5,10.7
E02000695,Merton 007,18.44,22.38,24.93,22.25,11.99,104,20.9,18.9,10.7,21.9,39.9,33.6,19.4,24.4
E02000696,Merton 008,19.43,25.52,29.94,19.1,6.01,110.3,18.3,19.4,12.6,29.7,53.4,24,15.1,24.2
E02000697,Merton 009,15.43,24.98,35.73,16.36,7.5,72.4,18.5,27.5,4.8,30.7,77.6,13,1.9,12
E02000698,Merton 010,21.21,12.59,26.07,25.04,15.08,45.2,26.7,24,6.2,29.2,82.2,11.5,1.5,8.5
E02000699,Merton 011,17.9,19.11,32.21,20.28,10.51,83.6,21.7,28.3,5.9,27.4,82.2,10.1,1.7,7.9
E02000700,Merton 012,19.81,24.39,27.86,20.48,7.45,91.6,16.8,18.3,16.1,30.5,57,19.8,15.4,21.4
E02000701,Merton 013,22.28,21.35,24.51,21.67,10.18,89.1,21.4,16.8,15.3,25.7,41.8,30.2,19.8,21.7
E02000702,Merton 014,23.04,20.75,24.76,21.67,9.78,50.3,19.3,16.1,17.8,29.5,47.5,17.3,26.8,16.3
E02000703,Merton 015,19.62,16.82,22.54,25.25,15.77,53.4,24.9,23.6,6.8,23.4,72.2,18.4,3.3,9.6
E02000704,Merton 016,15.42,20.73,31.19,19.34,13.32,47.6,16.4,24.5,7.2,34.5,76.1,13.4,4.3,11.7
E02000705,Merton 017,20.84,21.18,20.85,25.11,12.01,66,20,20,14.8,23.4,40.8,23.8,27,16.2
E02000706,Merton 018,24.51,20.92,25.54,19.49,9.54,96.7,19.9,13.9,18.5,29.8,46.8,21,23.8,20.8
E02000707,Merton 019,25.53,20.3,20.34,24.35,9.47,64.6,20.7,14.8,21.7,26,41.7,13.1,37.2,12.2
E02000708,Merton 020,20.72,17.02,25.3,24.37,12.6,49.9,27.1,23.5,8.6,19.9,69,22.3,2.8,12
E02000709,Merton 021,18.05,16.7,20.56,27.7,17,44.5,23.5,25.1,7.5,23.1,75.9,16.4,3.3,8.5
E02000710,Merton 022,20,19.16,22.52,22.82,15.49,26.4,19,18.3,12.9,30.3,59.1,19.8,14.4,14.8
E02000711,Merton 023,21.56,20.53,26.01,20.88,11.02,62.6,20.6,18,13.9,28.1,59.7,27.2,6,20.7
E02000712,Merton 024,21.22,19.15,23.25,22.34,14.03,53.8,22.3,17.7,13.6,28.5,66.5,20.3,8.3,14
E02000713,Merton 025,19.48,16.65,22.15,26.42,15.3,49.4,24.6,25.4,10.5,22.1,78.9,11.8,4.7,6.9
E02000714,Newham 001,23.02,28.12,24.53,17.77,6.57,149,20.3,12.3,15.9,25.6,31.2,32.4,26.9,25.8
E02000715,Newham 002,26.6,26.54,23.78,15.54,7.55,176.7,22.8,10,17.3,23.9,18.1,54.4,20,34.6
E02000716,Newham 003,23.24,28.12,23.82,17.66,7.15,48.2,19.8,11.2,15.9,26.5,23.8,51.4,17.4,32.4
E02000717,Newham 004,24.54,29.07,24.76,15.17,6.46,167.9,21.5,12.1,15.1,20.6,15.6,62.2,15.9,35.6
E02000718,Newham 005,30.01,23.51,23.28,15.85,7.35,113.4,23.6,9.4,19.7,26.5,17.3,48.8,24.1,31.3
E02000719,Newham 006,19.57,31.57,25.74,16.41,6.71,119.4,14.2,12.5,14.3,31.1,35.8,31.5,24.2,28.2
E02000720,Newham 007,20.9,30.62,21.96,19.42,7.11,143,20.1,14.8,11.6,22.7,22,58.2,13.4,29.8
E02000721,Newham 008,21.67,33.4,22.89,15.22,6.83,166.4,19.4,10.3,11.1,23.7,15.5,64,14.5,37.5
E02000722,Newham 009,17.97,34.34,26.79,14.92,5.98,184.9,14.5,13.5,13.9,27.4,40.2,29,20.4,27.3
E02000723,Newham 010,20.98,31.96,22.14,17.3,7.61,155.9,22.6,13.9,10,14.6,8.4,80,7.2,38.5
E02000724,Newham 011,23.92,30.75,22.53,16.3,6.5,194.8,23.5,12.8,10.7,16.7,11.9,72.9,10.2,37.3
E02000725,Newham 012,14.61,37.03,26.8,15.38,6.17,112.6,10.8,15.4,10.9,35.2,41.6,27.7,21.4,24
E02000726,Newham 013,16.3,37.62,27.62,13.51,4.96,27.2,11.5,15.8,11,32.1,39.9,29,21.3,28.6
E02000727,Newham 014,21.58,32.99,24.71,15.29,5.43,216,22.4,11.7,10,18.2,9.6,76.7,9.1,40
E02000728,Newham 015,23.25,28.05,25.55,16.88,6.26,127.6,24.1,14.2,10.1,15.8,14.6,72.3,6.9,42.3
E02000729,Newham 016,21.02,29.03,24.7,18.14,7.12,101.8,17.6,14,12.9,24.3,29.6,44.1,18,30
E02000730,Newham 017,20.03,32.37,23,16.74,7.86,181.1,19.7,12,10.4,18.9,10.7,74.1,10.8,37
E02000731,Newham 018,21.68,31.14,25.11,15.52,6.55,177.3,22.3,11.6,9.4,19.5,15,70.6,8.7,39.1
E02000732,Newham 019,25.42,27.62,23.13,16.71,7.12,173.6,22.7,9.5,15.8,25.5,16.9,57.3,17.3,35.6
E02000733,Newham 020,22.75,27.66,24.45,18.25,6.89,130.4,16.6,13.5,17,29.1,32.7,28.2,27.8,25.3
E02000734,Newham 021,23.97,26.6,24.82,17.53,7.07,205.4,17.3,11,16.5,31.2,30.9,32.3,27.9,26.2
E02000735,Newham 022,21.83,28.99,24.18,16.39,8.61,142.5,19.2,10.7,12.8,26,21.6,54.4,16.6,34.4
E02000736,Newham 023,27.49,24.43,24.21,16.86,7.01,70,23.9,11.3,18.1,20.9,24.8,46.6,20.1,31.3
E02000737,Newham 024,26.53,22.91,24.57,18.04,7.95,113.8,23.2,13,15.8,24.4,29.7,44.1,17.2,27.2
E02000738,Newham 025,25.57,25.33,24.96,17.52,6.63,188.3,24.9,15.3,11,21.2,27.1,50.6,14,29.7
E02000739,Newham 026,22.27,28.66,24.75,17.49,6.83,155.3,17.4,12.4,16.8,25.3,31.4,35.7,24,28.9
E02000740,Newham 027,22.64,27.22,25.67,18.81,5.66,53.3,15.3,12.3,19.1,32,38.2,22.5,30.3,24.1
E02000741,Newham 028,25.59,24.21,24.54,18.65,7.01,111,21.1,14.3,15.9,24.7,33.6,35.8,22.4,27.4
E02000742,Newham 029,28.26,23.06,24.87,16.6,7.21,103.5,24.2,11.5,16.9,21.6,32.5,34.5,23.5,26.4
E02000743,Newham 030,23.62,25.12,23.4,19.04,8.81,129.3,15.1,10.8,19.4,32.8,38,22.7,31.3,23.6
E02000744,Newham 031,24.98,24.55,25.5,17.52,7.45,138.4,17.2,10.6,18.5,30,44.6,21.7,25.1,24.4
E02000745,Newham 032,23.55,26.07,25.5,19.75,5.13,112.9,18.8,14.5,19.2,25.5,42.5,23.1,26,25.4
E02000746,Newham 033,21.06,33.6,24.63,16.16,4.55,18.2,16.8,14.5,18.5,31.4,42.2,27.2,22.3,25.3
E02000747,Newham 034,18.16,33.56,26.62,15,6.66,57.4,11.3,19.2,13.1,33.4,46.2,21.2,22.3,23.8
E02000748,Newham 035,23.11,26.12,27.98,17.5,5.29,46.9,20,15.9,16.5,27.1,53.5,19.8,19,31.4
E02000749,Newham 036,25.71,24.17,24.15,18.29,7.67,58.3,16.1,12.2,22.6,29.6,46.6,13.2,31.3,21
E02000750,Newham 037,21.07,30.41,31.38,13.11,4.04,33.3,15.1,17.8,14.1,30.6,45.9,20.4,24.3,21.2
E02000751,Redbridge 001,16.97,14.56,19,28.78,20.7,34,21.8,24.3,6,30,78.9,13.5,3,4.4
E02000752,Redbridge 002,22.42,17.43,22.67,22.6,14.88,14,18.3,16.3,18.1,33.7,70.7,12.6,10.1,10
E02000753,Redbridge 003,23.74,16.89,23.35,22.79,13.23,81,21.7,19,17.9,28.2,69.6,15,8.6,9.9
E02000754,Redbridge 004,20.26,17.42,24.35,25.54,12.42,53.3,21.4,22.5,13.5,28.7,71.2,14.6,7.5,9.3
E02000755,Redbridge 005,19.74,17.86,22,25.83,14.56,38.8,21.2,21.1,14.1,29.5,72.7,13.2,7.4,7.1
E02000756,Redbridge 006,20.85,18.33,22.67,25.08,13.08,35.7,21.4,21.5,13.1,28.2,65.1,22.5,6.7,10.5
E02000757,Redbridge 007,18.24,19.2,27.83,22.85,11.89,79.8,21.7,25,7.4,32,73.5,15.2,4.5,6.8
E02000758,Redbridge 008,20.68,18.18,18.06,27.16,15.92,52.5,21.3,22.5,13.4,23.8,48.9,34.2,9.9,11.7
E02000759,Redbridge 009,22.75,17.34,26.2,23.39,10.32,52.6,23.9,21.8,12.3,26.8,62.8,18.5,10.5,11.4
E02000760,Redbridge 010,22.29,18.31,21.89,22.12,15.38,67.9,23,18.3,13.7,26.8,53.7,31.1,8.1,11.8
E02000762,Redbridge 012,18.87,20.67,19.35,25.41,15.71,79.6,24.1,21.4,7.5,21.9,37.5,50.3,5.9,13.8
E02000763,Redbridge 013,23.57,19.28,23.08,22.17,11.89,9,25.3,19,13.5,23.1,39.8,43.1,9.8,16.6
E02000764,Redbridge 014,15.42,17.06,27.26,22.71,17.56,60.5,16.9,21.7,6.1,39.6,69.8,20,4.2,7.7
E02000765,Redbridge 015,21.68,20.38,21.59,22.5,13.85,88.4,23.9,20.7,10.9,22.6,34,53.4,6.1,20.4
E02000767,Redbridge 017,22.49,19.85,23.25,21.47,12.93,87.7,26.4,19.9,11.5,22.5,37.7,48.9,7.2,18.6
E02000768,Redbridge 018,19.35,16.06,22.76,27.08,14.75,33.3,23.4,22.9,9.2,27,69.7,18.9,5.4,6.2
E02000769,Redbridge 019,24.67,20.68,23.12,21.22,10.3,96.5,24.5,18,15.4,25.7,43.1,32.6,16.6,13.2
E02000770,Redbridge 020,25.14,20.92,21.99,21.58,10.37,65.6,26.3,17.2,12,22.2,24.9,59.4,9,24.5
E02000772,Redbridge 022,25.23,21.83,24.44,19.54,8.95,59,25.1,16.8,14.2,22.5,26.8,53.6,11.2,21.6
E02000773,Redbridge 023,25.7,23.28,23.37,19.65,8,99.7,29.9,18.1,13.6,16.6,21,60.9,10.5,23.9
E02000774,Redbridge 024,23.1,25.08,22.82,19.59,9.42,108.2,23,18.3,12,20.2,19.3,62.4,10.7,26.8
E02000776,Redbridge 026,23.98,21.8,23.37,21.42,9.43,108.5,27.7,18,11.1,23.2,23.8,62,8.6,21.1
E02000777,Redbridge 027,19.41,16.2,20.94,29.17,14.28,16.9,21.4,23,10.1,30.6,70.2,14.5,7.4,7.5
E02000779,Redbridge 029,24.07,24.53,26.05,17.22,8.13,89.9,22.3,15.4,12.6,29.7,21.3,62.4,8.5,30.1
E02000780,Redbridge 030,26.64,25.42,23.78,16.73,7.43,119.6,26.1,15.5,13.5,18.4,15.8,66.3,10.9,32.3
E02000781,Redbridge 031,24.26,21.67,21.35,21.08,11.64,75.3,24.9,19.1,13.2,19.6,26.7,57.9,9.2,18.4
E02000782,Redbridge 032,27.77,25.5,24.46,14.9,7.36,137.7,23.5,12.3,18.6,20.5,15.8,62.6,14.8,34.5
E02000783,Redbridge 033,30.63,22.04,23.79,15.8,7.75,130.3,22.3,10.7,23.4,20.6,17.5,56.6,17.2,29.8
E02006800,Redbridge 034,24.09,23.61,23.65,20.61,8.03,82.8,23.5,17.2,12.8,23.6,24.8,56.2,11,23.1
E02006924,Redbridge 035,20.52,23.67,21.78,21.17,12.86,53.4,22.1,18.8,9.9,21.4,24.6,61.2,8.1,18.3
E02006925,Redbridge 036,21.9,19.57,19.23,24.96,14.34,53.7,27.6,21.1,9.2,16.7,29,61.1,4.7,15.3
E02000784,Richmond upon Thames 001,20.4,14.88,23.77,26.29,14.65,39,22.6,21.1,8.6,30.6,85.7,6.4,1.5,9.7
E02000785,Richmond upon Thames 002,18.16,13.13,28.39,25.01,15.31,23.8,22.3,24.1,4.6,34.1,87.9,6.7,0.8,7.4
E02000786,Richmond upon Thames 003,19.79,13.8,31.65,22.76,12,60.3,20.9,22.5,8.3,35.7,88.3,4.3,1.5,6.4
E02000787,Richmond upon Thames 004,19.79,15.86,30.49,21.8,12.06,62.6,20.5,23.9,9,34.4,81.1,9.5,2.3,9.5
E02000788,Richmond upon Thames 005,21.42,13.01,28.43,24.3,12.84,81.7,25.6,23.2,8,30.2,89.6,4.5,0.8,7.2
E02000789,Richmond upon Thames 006,17.93,14.48,29.91,23.6,14.09,34.2,18.5,23.5,5.8,41.6,85.7,6.8,0.9,9.2
E02000790,Richmond upon Thames 007,23.14,12.48,32.88,22.53,8.98,79.3,27.9,25.1,6.4,29.3,89.9,4.1,0.9,5.2
E02000791,Richmond upon Thames 008,14.08,17.71,30.19,23.66,14.36,56.9,15.2,26.7,4,42.3,87.5,5.8,1.1,9.1
E02000792,Richmond upon Thames 009,18.3,12.93,30.08,24.62,14.06,56.5,20.7,25.7,4.2,37.7,90.1,4.9,0.8,8.7
E02000793,Richmond upon Thames 010,19.59,18.05,22.61,24.26,15.5,61.4,24.4,22.5,9.5,26.5,77.1,14.6,2.4,8.2
E02000794,Richmond upon Thames 011,19.7,16.08,27.92,23.74,12.56,46,25.8,25.3,5.4,26.5,85,8.3,1,5.7
E02000795,Richmond upon Thames 012,23.31,11.82,20.44,26.49,17.95,5.5,27.1,20.1,7.4,28.1,88.5,5.2,1.4,8.2
E02000796,Richmond upon Thames 013,20.17,19.29,20.73,25.06,14.76,54.2,22.8,21.3,12.3,25.4,69.6,21.1,3.8,10.9
E02000797,Richmond upon Thames 014,16.88,18.1,34.76,21.29,8.97,78.4,20.1,26.3,4.6,36.2,89.9,4.7,1,5.3
E02000798,Richmond upon Thames 015,21.79,15.16,27.27,24.1,11.68,43.9,26.5,23,9.8,27.8,84,8.5,1.8,5.8
E02000799,Richmond upon Thames 016,18.22,22.92,21.87,25.95,11.04,50.9,24.8,25.1,6.9,31,90,4.4,1.1,4.7
E02000800,Richmond upon Thames 017,21.01,14.91,22.49,26.56,15.03,28.7,20.3,20.1,14.1,31.2,83,7.4,2.3,8.8
E02000801,Richmond upon Thames 018,20.22,14.82,27.86,26.23,10.88,67.4,24.9,24.3,6.7,32.6,91.4,4.2,0.8,3.5
E02000802,Richmond upon Thames 019,20.41,13.47,24.47,26.92,14.73,47.4,25.2,22.3,8.4,31.7,89.7,4.7,1.1,5.2
E02000803,Richmond upon Thames 020,19.25,15.81,21.95,27.25,15.75,47.9,19.8,22.8,11.9,32.8,83.7,9,2.3,6.5
E02000804,Richmond upon Thames 021,19.48,15.63,25.84,25.51,13.54,19.1,22.6,23.4,5.7,35.9,90.7,4.3,0.9,5.3
E02000805,Richmond upon Thames 022,20.44,15.86,23.89,26.47,13.35,38,23.4,20.8,7.5,36.9,88.6,5,1.6,5.4
E02000806,Richmond upon Thames 023,19.34,14.6,22.2,28.07,15.78,14.6,23.7,24.9,9.1,29.1,88.7,6.3,1,4.6
E02000807,Southwark 001,12.23,31.53,34.34,17.17,4.73,123.8,12.8,25.6,8,30.1,67.8,17.8,6.4,17.1
E02000808,Southwark 002,9.89,36.39,28.72,17.83,7.17,88.3,7,22,8.4,41.3,64.1,14.5,13.4,11.8
E02000809,Southwark 003,9.27,33.32,37.98,15.97,3.46,158.9,8.3,26.4,5.5,37.4,70.6,10.8,10.3,12.7
E02000810,Southwark 004,17.84,29.67,27.64,17.33,7.52,144.4,10.6,16,14.6,36.9,61.4,9.3,19.8,13.8
E02000812,Southwark 006,15.23,34.02,27.06,16.62,7.07,148.9,9.6,15.9,12.9,36.3,52,14.1,24.5,13.2
E02000813,Southwark 007,18.95,28.76,25.69,18.11,8.49,98.5,10.8,15.8,16,35,58.5,11.7,21.1,17.1
E02000814,Southwark 008,11.75,34.5,31.76,16.53,5.46,89.5,10.3,24.7,9.5,31.9,67.1,15.6,10.2,17.7
E02000815,Southwark 009,13.38,42.76,26.86,12.65,4.36,152.5,10.5,16.7,10.1,32,49.7,19.8,20.3,18.9
E02000816,Southwark 010,18.59,27.29,26.89,19.03,8.19,122.3,12.4,15.9,16.1,35.4,62.6,7.1,20.6,16.3
E02000817,Southwark 011,20.25,25.22,22.98,19.74,11.81,98,12.1,11.2,18.8,38.6,58.8,7.5,25.5,15.2
E02000818,Southwark 012,16.41,30.5,24.69,19.01,9.4,128.2,10,14.5,14.1,35.4,53.5,9.3,26.8,15.5
E02000819,Southwark 013,19.71,30.15,22.33,20.55,7.25,161.3,13.5,13.1,15.6,36.3,50,10.1,29.3,18.7
E02000820,Southwark 014,16.21,29.26,27.98,18.77,7.79,197.4,9.1,15,14.7,37.8,55.5,9.2,25.1,16.7
E02000821,Southwark 015,23.55,24.73,24.08,20.12,7.52,116.7,15.7,11.1,20.1,28.8,36.2,10.1,41.3,19.2
E02000822,Southwark 016,22.55,23.35,27,20.53,6.57,165.6,13.8,11.3,19.5,33.1,40.4,10.6,39.6,17.9
E02000823,Southwark 017,18.7,27.25,25.71,20.12,8.22,122.4,11.2,13.4,16.1,32.6,48.9,8.2,31.5,15.6
E02000824,Southwark 018,25.84,22.79,23.81,19.92,7.64,100.6,15.5,9.9,22.9,30.1,29.9,6.8,51.3,16.1
E02000825,Southwark 019,25.98,23.33,25.88,18.92,5.89,181.6,15.8,11.4,24.1,26.8,26,8.2,54.5,16
E02000826,Southwark 020,20.75,25.36,26.76,19.71,7.43,165.7,13.7,13.8,16.7,33.9,42.9,8.2,38,15.2
E02000827,Southwark 021,21.35,23.24,27.04,21.4,6.97,153.3,12.5,11.7,18,36.2,37.1,8.3,43.8,18.6
E02000828,Southwark 022,22.52,24.3,25.5,20.92,6.75,134.9,13.8,12.1,20.4,30.5,32.3,10.2,46.2,17.5
E02000829,Southwark 023,18.66,24.55,27.35,20.44,9,137,12.1,14.8,15.8,36.5,41.4,6.7,41.3,13.1
E02000830,Southwark 024,16.3,25.15,29.66,20.68,8.21,107.7,14.4,19.8,10.1,33.9,60.9,6.9,23.4,9.5
E02000831,Southwark 025,18.5,21.93,32.02,19.34,8.2,119.1,15.7,18.2,12.6,32.8,56.5,7.1,27.3,9.1
E02000832,Southwark 026,21.77,20.89,26.55,21.19,9.6,119.3,14.6,14.2,17.7,35.5,44,6.2,39.7,10.4
E02000833,Southwark 027,21.92,25.03,27.3,19.24,6.51,94.4,16.5,15.2,20.3,28.8,47.5,9.8,32.5,11.8
E02000834,Southwark 028,15.52,20.58,36.18,19.65,8.07,76.4,15.2,23.2,8.4,35.7,70.2,5.5,15.8,6.6
E02000835,Southwark 029,21.75,18.86,28.65,21.88,8.86,49.8,20.1,19.7,15.5,28,61.4,4.9,25.6,7.3
E02000836,Southwark 030,19.62,17.32,32.66,21.5,8.9,109.8,22.4,25.2,8.9,26.6,74.1,5.1,13.7,5.1
E02000837,Southwark 031,24.55,14,24.46,25.66,11.34,37.9,30.5,21.7,7.4,21.7,81.3,6,6,3.9
E02000838,Southwark 032,19.71,17.67,31.07,22.43,9.13,87.1,18.9,21.8,12.2,29.8,69.8,5.4,17.3,7.1
E02000839,Southwark 033,20.89,16.81,25.58,23.77,12.94,29.5,17.5,20.1,14.4,31.1,63.9,8.4,19.5,6.5
E02006802,Southwark 034,11.97,39.34,23.76,18,6.93,111.5,9.7,16.9,12.6,38.1,56.9,15,19.2,12.8
E02000840,Sutton 001,24.64,19.92,25.47,20.23,9.74,61.4,23.5,16.9,19.5,29.1,74.8,10.9,8.4,8.5
E02000841,Sutton 002,23.98,19.69,24.53,21.26,10.55,77.2,22.7,17.2,19,28,72.7,14,7.5,11.7
E02000842,Sutton 003,19.02,17.57,19.79,28.39,15.24,47.3,24.3,25.8,10.3,23.2,77.5,14.5,4.1,7.5
E02000843,Sutton 004,20.72,19.55,27.34,21.97,10.42,59.5,20.9,22,11.5,35,79.7,7.7,6.8,5.9
E02000844,Sutton 005,21.93,18.36,23.96,23.76,11.99,78.2,23.5,21.2,14.5,28.6,80.8,7.9,7,5.5
E02000845,Sutton 006,22.07,16.07,27.99,22.96,10.91,61.8,27.2,24.3,10.3,24.3,80.1,12.1,1.8,8.5
E02000846,Sutton 007,19.82,15.57,21.95,26.19,16.48,52.3,25,23.9,10.4,24.1,78.1,12.8,4.7,7.7
E02000847,Sutton 008,17.96,15.74,20.07,26.84,19.39,57.8,23.4,24,7.3,27.9,83.1,11.2,1.7,5
E02000848,Sutton 009,21.71,16.34,21.02,27.01,13.92,68.4,28.8,24.6,9.8,21.2,82.3,12.3,1.7,5.8
E02000849,Sutton 010,20.59,17.37,23.74,25.72,12.59,64.2,22.3,23,12.5,29.9,80.7,8.8,5.4,5.3
E02000850,Sutton 011,20.69,16.16,22.23,27.58,13.34,21,25.7,24.2,11.1,25.4,76.5,11.2,7.9,5
E02000851,Sutton 012,17.56,19.84,27.59,20.5,14.5,75.9,15,18.5,11.1,43.8,75.1,12.2,6.8,11.8
E02000852,Sutton 013,18.98,17.58,26.22,25.28,11.95,79.4,23,24.8,9.5,30.1,82.9,8.7,3.6,7.1
E02000853,Sutton 014,21.47,17.35,25.71,23.89,11.58,61.8,24.3,20.6,12,29.6,79.1,11.5,3.8,8.1
E02000854,Sutton 015,19.49,15.48,24.43,26.48,14.12,44.2,23.6,25.3,9,29.1,87.3,5.4,2.9,3.8
E02000855,Sutton 016,19.73,15.18,20.02,28.03,17.04,42.3,26.3,23.8,7.6,25.3,83,11.4,1.7,4.8
E02000856,Sutton 017,18.29,18.52,22.14,26.83,14.22,67.8,20.6,23.4,8.6,33.7,77.3,12.8,4.3,6.2
E02000857,Sutton 018,14.85,18.1,30.51,19.86,16.67,79.5,15.4,19.4,6.9,46.5,73.8,16.1,4.5,12
E02000858,Sutton 019,25.52,20.1,22.82,21.32,10.23,51.4,19.6,15.6,20.1,33.3,72.6,11.9,8.5,7.4
E02000859,Sutton 020,17.91,16.56,19.78,26.39,19.36,48.4,19.6,22.3,9.9,33,81.5,8.9,5.2,4.8
E02000860,Sutton 021,16.25,18.97,28.92,20.78,15.08,90.4,13.6,19.3,8.8,48.2,73.2,13.4,6,11.3
E02000861,Sutton 022,17.9,15.79,16.79,31.96,17.55,29.3,26.4,29.8,6.4,17.9,82.8,11,2.5,3.9
E02000863,Sutton 024,19.35,15.5,17.68,30.45,17.01,9.6,24.9,27.1,9.6,20.3,76.3,14.3,5.6,3.1
E02006836,Sutton 025,18.36,13.28,19.5,28.48,20.39,25.1,24.8,26.5,5.6,23.9,76.8,16.4,2.2,5
E02000864,Tower Hamlets 001,20.94,27.29,24.89,17.21,9.68,67.1,12.8,14.8,15.9,34.9,55.2,25.8,12,14
E02000865,Tower Hamlets 002,21.08,29.33,26.07,16.01,7.52,158.6,16,12.2,12.1,35.6,46.9,38.2,7.8,19.9
E02000866,Tower Hamlets 003,17.8,30.91,25.52,17.72,8.04,85.1,14.2,18.9,10.7,31.1,65.5,21.4,7,11.9
E02000867,Tower Hamlets 004,16.56,37.54,28.16,12.48,5.27,126,10.3,21.1,11.2,33.5,57.9,27.2,7,15.1
E02000868,Tower Hamlets 005,15.88,36.52,28.6,12.55,6.45,190.7,12,18.4,8.6,32.5,54.4,32.8,5.5,17.6
E02000869,Tower Hamlets 006,17.06,28.68,29.08,16.56,8.62,177.6,12.2,16.1,10.5,38,56.3,28.7,7.8,18.3
E02000870,Tower Hamlets 007,19.9,31.33,25.52,15.22,8.03,164.7,14.5,14.5,12.6,32.9,54,32.9,6,16.3
E02000871,Tower Hamlets 008,26,29.47,25.53,12.78,6.22,138.2,19.9,13.6,14.7,31.3,28,53.2,12.1,27.7
E02000872,Tower Hamlets 009,17.56,36.01,28.16,12.5,5.77,171.2,11.7,14.3,10.5,34,48.9,38.4,6.2,21.5
E02000873,Tower Hamlets 010,18.15,43.91,22.35,10.09,5.51,175.1,16.3,13.6,10.8,31.9,42.5,44.5,6.9,24.9
E02000874,Tower Hamlets 011,22.53,35.11,23.36,13.13,5.88,206.7,17.6,12.1,11.7,34.8,33.7,53.7,7.5,29
E02000875,Tower Hamlets 012,25.31,31.29,24.48,13.89,5.03,153.4,19.8,12,14.3,31.4,34.8,47.4,11.7,26.4
E02000876,Tower Hamlets 013,16.85,39.45,25.69,13.23,4.77,134.6,13.4,15.7,7.2,37,37.7,50.2,6.1,26.5
E02000877,Tower Hamlets 014,24.88,32.75,24.18,12.29,5.91,127.6,21.7,10.8,14.1,27,32,53,9.9,27.5
E02000878,Tower Hamlets 015,13.71,40.89,26.6,13.25,5.55,168.6,11.4,17.2,5.8,37.6,45.3,44.9,4.5,27.2
E02000879,Tower Hamlets 016,19.94,32.38,22.57,14.58,10.53,175.8,16.3,13.5,10.2,36.1,40.7,46.6,5.7,23.6
E02000880,Tower Hamlets 017,20.24,34.26,25.36,13.02,7.12,158.5,17.1,11.8,9,34.5,36.5,52.5,4.8,27.8
E02000881,Tower Hamlets 018,28.73,25.3,23.68,16.59,5.7,99.8,21.1,13.3,17.3,30.4,34.8,46.7,12,23.4
E02000882,Tower Hamlets 019,27.07,26.99,25.45,13.81,6.68,151.2,23.1,13.7,13,30.7,29.6,58.1,7.2,25.8
E02000883,Tower Hamlets 020,26.93,25.86,23.51,15.58,8.11,172.3,19.1,11.1,18.4,32.1,37.7,45.2,11.4,25.8
E02000884,Tower Hamlets 021,13.91,43.98,27.34,10.06,4.71,171.6,9.8,17.2,5.8,34.3,42,48,4.1,28.6
E02000885,Tower Hamlets 022,23.63,29.22,24.64,14.01,8.5,204.1,16.8,12.8,14.5,34.2,30.3,56.6,7.4,31.3
E02000886,Tower Hamlets 023,17.99,28.32,32.76,15.36,5.57,152,14,20.8,8.1,35.9,49.5,38.5,6.3,21.6
E02000887,Tower Hamlets 024,25.9,27.88,26.03,13.45,6.74,152.7,19.1,12.5,17.3,30,37.8,46.6,9.7,26.4
E02000888,Tower Hamlets 025,21.35,30.18,31.53,12.42,4.53,159,16.9,20,8,34.5,40,47.9,7,25.3
E02000889,Tower Hamlets 026,16.93,30.08,31.47,16.19,5.34,119.2,14.1,17.3,7,38.6,50.5,39.2,4.1,20.9
E02000890,Tower Hamlets 027,9.94,25.95,36.38,20.79,6.94,104.4,9.1,26.3,3.6,45.9,76,16.5,2.2,14.7
E02000891,Tower Hamlets 028,16.9,36.17,33.48,10.13,3.33,88.3,12,22.7,9.1,35.4,45.2,39.1,8.1,26.7
E02000893,Tower Hamlets 030,19.49,26.18,30.31,16.78,7.24,97,16,18.3,11.8,34.5,57.6,30.5,5.3,20.7
E02000894,Tower Hamlets 031,14.74,32.79,34.78,14.09,3.6,195.3,13.1,25.3,7.3,34.3,57.3,32.2,4.4,23.2
E02006853,Tower Hamlets 032,18.04,34.99,31.13,11.62,4.22,155,11.7,20.7,9.8,41.1,45.6,38.2,7.7,27.1
E02006854,Tower Hamlets 033,14.01,33.2,38.26,12.14,2.4,71,10.4,27.5,4.7,41.4,51.9,34.8,5.3,27
E02000895,Waltham Forest 001,19.31,16.03,18.39,24.39,21.88,36.1,18.5,18.7,13.3,31.9,78.1,6.7,8.9,5.2
E02000896,Waltham Forest 002,17.12,16.68,20.52,27.39,18.29,31.1,18.8,22.3,9.7,34.4,86.1,4.4,4.3,3.7
E02000897,Waltham Forest 003,20.99,16.9,21.43,23.94,16.74,43.3,18.4,19,16.5,32.8,76.1,6.9,9.7,6.9
E02000898,Waltham Forest 004,19.66,18.1,19.88,25.87,16.48,50.2,20.2,21.1,14.8,28.9,74.3,8.2,9.7,5.4
E02000899,Waltham Forest 005,18.54,19.32,19.34,26.49,16.31,66.2,19.9,21.5,13.4,28.1,72.2,8.5,11.2,8.4
E02000900,Waltham Forest 006,22.03,20.2,21.09,24.26,12.41,52.5,20.4,19.1,17.8,26.5,58.1,13.9,19.4,11.1
E02000901,Waltham Forest 007,20.44,18.03,21.4,27.14,13,55,24.9,23.4,11,26,77.1,8.6,7.1,5.4
E02000902,Waltham Forest 008,23.75,19.55,23.27,22.99,10.45,68,21.3,18.1,16.2,28.6,55.3,15.6,19.1,13.1
E02000903,Waltham Forest 009,25.1,21.22,23.69,21.39,8.6,46.7,20.6,14.5,20.6,26.2,47.4,20.4,22.7,17.3
E02000904,Waltham Forest 010,23.64,21.17,24.73,22.35,8.11,57.6,23.4,17.7,13.9,24.8,52.4,18.2,19.3,15.4
E02000905,Waltham Forest 011,22.8,21.16,27.6,19.79,8.65,94.2,21,16.3,13.1,26.5,50.1,23.2,16.6,19.8
E02000906,Waltham Forest 012,23.52,20.04,30.73,17.87,7.84,152.2,19.1,16.2,14.8,29.4,50.9,24,15.5,19.9
E02000907,Waltham Forest 013,25.03,22,25.7,17.9,9.37,114.6,19.6,12.6,16.5,36.6,44.8,17.9,24.5,21.8
E02000908,Waltham Forest 014,19.96,27.15,29.06,16.77,7.06,46.8,16.3,14.9,10.7,34.7,50.5,19.3,18.4,22.3
E02000909,Waltham Forest 015,21.39,19.26,29.29,20.97,9.09,63.6,21.2,19,10.5,32.7,55.8,19.7,15.9,14.3
E02000910,Waltham Forest 016,19.41,24.65,29.06,18.64,8.24,138.4,18.5,17.6,9.9,31.1,46.1,32.2,13.3,22.6
E02000911,Waltham Forest 017,21.35,24.6,29.67,17.8,6.59,126.2,18.8,15.5,12,31.5,45.4,28.6,15.7,24
E02000912,Waltham Forest 018,24.17,21.62,25.85,18.88,9.48,37.3,22.1,15.2,14.5,26.8,40.2,31.7,17.6,19.8
E02000913,Waltham Forest 019,19.94,25.65,23.46,20.45,10.51,84,19.2,17.5,11.5,26.1,41.2,34.8,15.9,19.6
E02000914,Waltham Forest 020,22.47,27.53,24.59,17.25,8.16,155.8,18.1,12.7,15.3,31.9,32.1,35.9,22.6,28.5
E02000915,Waltham Forest 021,16.94,26.99,26.77,20.94,8.35,59.3,15.4,19.1,10.9,32,54,21.9,14.7,15.4
E02000916,Waltham Forest 022,25.54,20.79,29.11,17.73,6.83,42.9,22.1,14.1,15.6,28.9,38.9,23.7,26.4,24.2
E02000917,Waltham Forest 023,23.4,24.71,28.81,16.39,6.7,137.4,21.2,14.6,12.1,28.2,46.9,22,20.4,23.5
E02000918,Waltham Forest 024,19.14,26.61,28.39,18.96,6.9,110.6,17.9,16.2,12.2,30.2,48.1,24.3,16.9,20.3
E02000919,Waltham Forest 025,17.47,29.44,28.22,17.18,7.69,167.1,17.1,17,9.8,25.6,44.2,31.2,14.9,26.1
E02000920,Waltham Forest 026,20.12,30.2,23.96,18.6,7.12,55.4,15.3,13.7,16.5,29.4,36.3,29.3,24.8,26.2
E02000921,Waltham Forest 027,22.67,26.6,25.81,17.99,6.94,133,16.8,13.8,17.7,29.5,40.1,23.1,26.1,24.1
E02000922,Waltham Forest 028,20.57,29.4,24.76,18.34,6.93,164,18.2,14.5,14.3,26.4,44,20.8,26,23.4
E02000923,Wandsworth 001,12.62,24.32,29.54,20.73,12.79,72.7,11.1,21.3,7,39.9,79.4,5.9,7,12.8
E02000924,Wandsworth 002,15.21,31.7,28.67,17.14,7.29,57.4,7.7,15.8,13.8,40.9,56.3,9.8,22.2,20.8
E02000925,Wandsworth 003,20.58,25.11,26.87,18.59,8.84,180,12.1,13.8,17.4,36.1,60.4,6.8,23.7,15.1
E02000926,Wandsworth 004,12.12,28.44,33.5,17.61,8.33,144.8,9.6,21.8,8.4,37.5,72.8,8,11.2,12.7
E02000927,Wandsworth 005,13.05,29.81,29.1,18.31,9.73,155.5,9.9,20,11.7,35.3,75.4,4.9,12.5,6.9
E02000928,Wandsworth 006,17.26,20.32,31.91,20.56,9.94,88.9,19.7,25.9,6,29.2,88.9,4.1,2.3,5.4
E02000929,Wandsworth 007,20.49,27.47,24.86,17.42,9.76,179.6,10.6,12.2,20.8,37.2,46,10.4,33.3,17.4
E02000930,Wandsworth 008,11.36,35.33,34.15,13.14,6.03,123.9,11.5,22.7,6.7,30.4,79.2,5.8,8.4,8.1
E02000931,Wandsworth 009,16.93,26.15,36.25,14.77,5.89,111.4,19.8,24,3.9,27.5,87.1,3.7,4.3,6
E02000932,Wandsworth 010,11.6,29.44,37.03,15.2,6.73,81.3,12.9,27.8,3.6,32.1,84.2,7.8,2.9,7.9
E02000933,Wandsworth 011,15.41,23.85,27.62,21.18,11.95,80,16.6,24.1,5.8,32.7,83.4,7.2,3.4,8.7
E02000934,Wandsworth 012,11.13,32.2,34.74,15.78,6.15,119.5,9.8,25.2,8,33.8,76.7,6.5,10.6,7.3
E02000935,Wandsworth 013,19.96,34.57,19.4,15.84,10.23,49.1,14.4,9.8,20.9,34.8,64.1,10.5,15.4,18.8
E02000936,Wandsworth 014,10.95,27.8,32.29,16.45,12.51,94.3,10,22.8,5.4,38.2,79.4,8.8,4.3,10.7
E02000937,Wandsworth 015,21.78,19.38,33.18,19.3,6.36,64,23.8,23.4,6.1,27.9,87.1,3.5,5.2,5.6
E02000938,Wandsworth 016,18.78,23.81,24.36,19.4,13.65,55.6,14.3,15.7,14.5,35.5,71.3,8.8,11.2,14.6
E02000939,Wandsworth 017,23.78,16.68,28.85,20.32,10.37,110.3,29.5,22.5,6.4,23,86.3,5,3.9,7.1
E02000940,Wandsworth 018,17.5,27.2,32.33,15.3,7.67,112.4,12.8,21.7,12.4,33.2,62.6,13.2,15.8,15.1
E02000941,Wandsworth 019,19.05,20.25,34.52,18.68,7.49,94.9,20.7,26,6.3,29,82.6,6.6,6.3,5.3
E02000942,Wandsworth 020,19.75,20.99,28.77,21.08,9.41,91.3,23.3,24.7,6.1,25.8,79.3,12.4,3,9.6
E02000943,Wandsworth 021,14.87,28.2,33.77,15.82,7.36,118.6,15.2,23.7,5.7,32.2,79.4,8,7.5,7.7
E02000944,Wandsworth 022,19.82,25.37,28.27,18.03,8.52,120.1,16,17,16.8,31.1,61.5,16.8,12.9,19.3
E02000945,Wandsworth 023,17.06,34.13,20.89,17.41,10.5,35.5,13.8,12.8,15.5,32.8,65.4,12.2,12.2,20
E02000946,Wandsworth 024,13.76,26.74,34.16,18.15,7.2,78.5,15.6,25.3,9.1,28.2,72.5,8.8,12.1,8.1
E02000947,Wandsworth 025,16.96,19.91,37.74,17.66,7.73,99.9,20.5,26,5.8,30.7,81.8,8.8,4.1,8.5
E02000948,Wandsworth 026,12.35,31.94,34.95,13.45,7.31,73.3,11.8,25.8,6,31.6,74.5,10.8,8.8,7.9
E02000949,Wandsworth 027,17.14,23.76,30.81,19.69,8.59,68.2,19.3,24.5,4.9,31.5,82.4,7.3,5.3,6.3
E02000950,Wandsworth 028,17.7,23.37,30.17,19.24,9.53,85.8,17.4,21.2,9.6,31.6,73.4,12.7,6.1,14
E02000951,Wandsworth 029,13.34,29.2,30.86,17.77,8.83,131.2,12,23,7.5,34.6,71.4,12.3,9.8,8.9
E02000952,Wandsworth 030,16.64,25.6,30.54,19.16,8.05,106.5,15.2,21.4,8.4,32.9,72.5,10.7,10.4,9.9
E02000953,Wandsworth 031,14.79,28.05,36.48,14.29,6.39,105.6,16,23.5,6.3,37,71.7,12.6,9.7,10.1
E02000954,Wandsworth 032,18.7,25.84,28.31,17.39,9.77,139.8,18.5,19.7,10.9,23.2,52.4,28.4,12.6,15
E02000955,Wandsworth 033,19.59,27.38,25.41,17.29,10.34,117.6,16.4,16.2,16,25.8,46.5,29.4,15.4,16.7
E02000956,Wandsworth 034,17.12,33.37,27.07,15.21,7.23,89.1,12.2,16.9,12.9,30.4,49,23.6,18.1,18.6
E02000957,Wandsworth 035,16.89,27.05,31.65,15.73,8.69,145.8,15.4,20.2,10.5,28.2,52.4,25.8,14.2,19.8
E02000958,Wandsworth 036,22.28,20.81,22.88,23.06,10.98,95,22.8,17,12.4,28.5,59.9,18.5,14.2,12.7
E02000959,Wandsworth 037,21.78,20.89,30.18,18.6,8.56,145.7,17.2,17.1,14.4,33.8,53.4,14.1,23,18.7
E02000960,Westminster 001,16.28,19.09,26.28,21.4,16.93,73,15.6,18.3,6.9,40.8,61.3,21.2,3.3,22.1
E02000961,Westminster 002,20.75,18.83,27.72,20.76,11.95,118.5,18.3,18.3,11.2,35.4,62.5,14.3,5.7,21.8
E02000962,Westminster 003,15.48,20.04,27.31,20.28,16.89,125.2,11.9,15.1,7.4,50.4,55.2,20.3,5.6,26.9
E02000963,Westminster 004,22.68,20.94,25.69,20.52,10.17,218.4,15.6,14.1,21.6,33.3,47.1,14.5,20.1,19.6
E02000964,Westminster 005,18.74,22.81,30.51,19.33,8.61,251.6,11.9,16.1,15.9,39.4,49.9,12.1,17.7,21.4
E02000965,Westminster 006,15.75,23.29,37.42,16.91,6.63,176.2,13.6,20.6,10.2,35.8,66,10.4,8.3,19
E02000966,Westminster 007,15.46,18.39,33.98,22.74,9.43,170.9,14.6,23.1,6.2,41.3,70.1,10.1,4.1,20.3
E02000967,Westminster 008,10,31.9,28.3,18.52,11.28,54.3,9.4,20.5,4.6,43.5,60.7,21.2,3.3,27.4
E02000968,Westminster 009,23.23,22.42,23.05,19.95,11.36,240.2,14.6,12,19.4,37.7,38.5,21.4,13.3,33
E02000969,Westminster 010,23.64,20.68,26.56,18.76,10.37,174.7,16.2,11.6,20.1,35.5,42.7,15.1,16,33
E02000970,Westminster 011,9.41,23.79,31.82,22.31,12.68,85.8,8.7,20.8,3.5,48.4,73.2,11.7,2.8,23.3
E02000971,Westminster 012,10.72,29.12,30.51,19.35,10.31,154,8.4,18.3,5.5,49.8,63.6,14.1,3.5,31
E02000972,Westminster 013,7.01,31.07,31.9,20.62,9.41,66.7,5.2,17.6,4.7,55.6,67.5,16.2,5,24.3
E02000973,Westminster 014,12.97,21.65,35.21,20.15,10.02,185.8,9.6,20.2,6.5,48.4,69.6,10.5,6.2,23.1
E02000974,Westminster 015,14.5,25.95,29.13,19.32,11.1,129.6,10.1,15.3,7.6,50.7,52.2,16.3,4.9,37.9
E02000975,Westminster 016,10.12,30.5,36.37,15.83,7.18,184.4,8.6,21.5,4.3,49.5,66.2,14.7,3,32.7
E02000976,Westminster 017,11.5,31.27,32.66,15.71,8.86,212.8,8.8,18.2,5.8,47.2,63,14.4,4.9,35.1
E02000977,Westminster 018,6.05,31.21,28.25,22.54,11.95,32.4,4.9,17.7,4.1,55.6,69.3,17.7,3.6,21.8
E02000978,Westminster 019,11.47,29.49,22.71,23.16,13.17,26.4,11.6,20.3,4.7,45.1,69.6,14.9,2.4,25.7
E02000979,Westminster 020,12.72,24.6,26.38,24.37,11.93,60.2,9.9,21.1,6.7,48,73.6,10.7,6.2,20.5
E02000980,Westminster 021,14.71,22.41,26.68,22.95,13.25,201.5,10.1,17.5,10.2,47.2,67.9,13.7,7.9,20.4
E02000981,Westminster 022,10.15,27.53,30.93,21.9,9.49,250.5,7.9,21.6,5.3,48,79.1,8.1,4.8,16.5
E02000982,Westminster 023,17.58,20.53,26.19,22.31,13.4,131.3,10.7,15.6,11.4,48.2,64.3,14.1,8.6,21.7
E02000983,Westminster 024,14.9,20.74,27.27,21.75,15.34,229.2,9.1,15.8,9.5,50.3,70.3,11.5,7,19.1
,,,,,,,,17.8,18.9,12.7,31.6,,,,
